,From,To
0,4F2_HUMAN,SLC3A2
1,5HT1A_HUMAN,HTR1A
2,5HT1B_HUMAN,HTR1B
3,5HT1D_HUMAN,HTR1D
4,5HT1E_HUMAN,HTR1E
5,5HT1F_HUMAN,HTR1F
6,5HT2A_HUMAN,HTR2A
7,5HT2B_HUMAN,HTR2B
8,5HT2C_HUMAN,HTR2C
9,5HT3A_HUMAN,HTR3A
10,5HT3B_HUMAN,HTR3B
11,5HT3C_HUMAN,HTR3C
12,5HT3D_HUMAN,HTR3D
13,5HT3E_HUMAN,HTR3E
14,5HT4R_HUMAN,HTR4
15,5HT5A_HUMAN,HTR5A
16,5HT6R_HUMAN,HTR6
17,5HT7R_HUMAN,HTR7
18,5NTD_HUMAN,NT5E
19,A4_HUMAN,APP
20,AA1R_HUMAN,ADORA1
21,AA2AR_HUMAN,ADORA2A
22,AA2BR_HUMAN,ADORA2B
23,AA3R_HUMAN,ADORA3
24,AAA1_HUMAN,SLC7A10
25,AAAT_HUMAN,SLC1A5
26,ABCA1_HUMAN,ABCA1
27,ABCA2_HUMAN,ABCA2
28,ABCA3_HUMAN,ABCA3
29,ABCA4_HUMAN,ABCA4
30,ABCA5_HUMAN,ABCA5
31,ABCA6_HUMAN,ABCA6
32,ABCA7_HUMAN,ABCA7
33,ABCA8_HUMAN,ABCA8
34,ABCA9_HUMAN,ABCA9
35,ABCAC_HUMAN,ABCA12
36,ABCAD_HUMAN,ABCA13
37,ABCB5_HUMAN,ABCB5
38,ABCB9_HUMAN,ABCB9
39,ABCBB_HUMAN,ABCB11
40,ABCC9_HUMAN,ABCC9
41,ABCG2_HUMAN,ABCG2
42,ABCG4_HUMAN,ABCG4
43,ABCG5_HUMAN,ABCG5
44,ACATN_HUMAN,SLC33A1
45,ACE2_HUMAN,ACE2
46,ACES_HUMAN,ACHE
47,ACE_HUMAN,ACE
48,ACH10_HUMAN,CHRNA10
49,ACHA2_HUMAN,CHRNA2
50,ACHA3_HUMAN,CHRNA3
51,ACHA4_HUMAN,CHRNA4
52,ACHA5_HUMAN,CHRNA5
53,ACHA6_HUMAN,CHRNA6
54,ACHA7_HUMAN,CHRNA7
55,ACHA9_HUMAN,CHRNA9
56,ACHA_HUMAN,CHRNA1
57,ACHB2_HUMAN,CHRNB2
58,ACHB3_HUMAN,CHRNB3
59,ACHB4_HUMAN,CHRNB4
60,ACHB_HUMAN,CHRNB1
61,ACHD_HUMAN,CHRND
62,ACHE_HUMAN,CHRNE
63,ACHG_HUMAN,CHRNG
64,ACKR1_HUMAN,ACKR1
65,ACKR2_HUMAN,ACKR2
66,ACKR3_HUMAN,ACKR3
67,ACKR4_HUMAN,ACKR4
68,ACM1_HUMAN,CHRM1
69,ACM2_HUMAN,CHRM2
70,ACM3_HUMAN,CHRM3
71,ACM4_HUMAN,CHRM4
72,ACM5_HUMAN,CHRM5
73,ACTHR_HUMAN,MC2R
74,ACV1B_HUMAN,ACVR1B
75,ACV1C_HUMAN,ACVR1C
76,ACVL1_HUMAN,ACVRL1
77,ACVR1_HUMAN,ACVR1
78,ADA10_HUMAN,ADAM10
79,ADA11_HUMAN,ADAM11
80,ADA12_HUMAN,ADAM12
81,ADA15_HUMAN,ADAM15
82,ADA17_HUMAN,ADAM17
83,ADA18_HUMAN,ADAM18
84,ADA19_HUMAN,ADAM19
85,ADA1A_HUMAN,ADRA1A
86,ADA1B_HUMAN,ADRA1B
87,ADA1D_HUMAN,ADRA1D
88,ADA20_HUMAN,ADAM20
89,ADA21_HUMAN,ADAM21
90,ADA22_HUMAN,ADAM22
91,ADA23_HUMAN,ADAM23
92,ADA28_HUMAN,ADAM28
93,ADA29_HUMAN,ADAM29
94,ADA2A_HUMAN,ADRA2A
95,ADA2B_HUMAN,ADRA2B
96,ADA2C_HUMAN,ADRA2C
97,ADA30_HUMAN,ADAM30
98,ADA32_HUMAN,ADAM32
99,ADA33_HUMAN,ADAM33
100,ADAM2_HUMAN,ADAM2
101,ADAM7_HUMAN,ADAM7
102,ADAM8_HUMAN,ADAM8
103,ADAM9_HUMAN,ADAM9
104,ADCY2_HUMAN,ADCY2
105,ADCY3_HUMAN,ADCY3
106,ADCY5_HUMAN,ADCY5
107,ADCY6_HUMAN,ADCY6
108,ADCY7_HUMAN,ADCY7
109,ADCY9_HUMAN,ADCY9
110,ADRB1_HUMAN,ADRB1
111,ADRB2_HUMAN,ADRB2
112,ADRB3_HUMAN,ADRB3
113,AEGP_HUMAN,MAMDC4
114,AGTR1_HUMAN,AGTR1
115,AGTR2_HUMAN,AGTR2
116,AJAP1_HUMAN,AJAP1
117,ALK_HUMAN,ALK
118,AMD_HUMAN,PAM
119,AMGO1_HUMAN,AMIGO1
120,AMGO2_HUMAN,AMIGO2
121,AMGO3_HUMAN,AMIGO3
122,AMHR2_HUMAN,AMHR2
123,AMNLS_HUMAN,AMN
124,AMPE_HUMAN,ENPEP
125,AMPN_HUMAN,ANPEP
126,ANKH_HUMAN,ANKH
127,ANO1_HUMAN,ANO1
128,ANO2_HUMAN,ANO2
129,ANO3_HUMAN,ANO3
130,ANO5_HUMAN,ANO5
131,ANO6_HUMAN,ANO6
132,ANO7_HUMAN,ANO7
133,ANO9_HUMAN,ANO9
134,ANPRA_HUMAN,NPR1
135,ANPRB_HUMAN,NPR2
136,ANPRC_HUMAN,NPR3
137,ANTR1_HUMAN,ANTXR1
138,ANTR2_HUMAN,ANTXR2
139,ANTRL_HUMAN,ANTXRL
140,AOC3_HUMAN,AOC3
141,APCD1_HUMAN,APCDD1
142,APJ_HUMAN,APLNR
143,APLP1_HUMAN,APLP1
144,APLP2_HUMAN,APLP2
145,AQP10_HUMAN,AQP10
146,AQP1_HUMAN,AQP1
147,AQP2_HUMAN,AQP2
148,AQP4_HUMAN,AQP4
149,AQP5_HUMAN,AQP5
150,AQP8_HUMAN,AQP8
151,AQP9_HUMAN,AQP9
152,ARAID_HUMAN,ATRAID
153,AREG_HUMAN,AREG
154,ASGR1_HUMAN,ASGR1
155,ASGR2_HUMAN,ASGR2
156,ASIC1_HUMAN,ASIC1
157,ASIC4_HUMAN,ASIC4
158,ASIC5_HUMAN,ASIC5
159,ASTN1_HUMAN,ASTN1
160,ASTN2_HUMAN,ASTN2
161,AT131_HUMAN,ATP13A1
162,AT132_HUMAN,ATP13A2
163,AT133_HUMAN,ATP13A3
164,AT135_HUMAN,ATP13A5
165,AT1A1_HUMAN,ATP1A1
166,AT1A2_HUMAN,ATP1A2
167,AT1A3_HUMAN,ATP1A3
168,AT1A4_HUMAN,ATP1A4
169,AT1B1_HUMAN,ATP1B1
170,AT1B2_HUMAN,ATP1B2
171,AT1B3_HUMAN,ATP1B3
172,AT1B4_HUMAN,ATP1B4
173,AT2B2_HUMAN,ATP2B2
174,AT2B3_HUMAN,ATP2B3
175,AT2B4_HUMAN,ATP2B4
176,ATG9A_HUMAN,ATG9A
177,ATP4B_HUMAN,ATP4B
178,ATRN1_HUMAN,ATRNL1
179,ATRN_HUMAN,ATRN
180,AVR2A_HUMAN,ACVR2A
181,AVR2B_HUMAN,ACVR2B
182,B3AT_HUMAN,SLC4A1
183,BACE1_HUMAN,BACE1
184,BACE2_HUMAN,BACE2
185,BAMBI_HUMAN,BAMBI
186,BASI_HUMAN,BSG
187,BAT1_HUMAN,SLC7A9
188,BCAM_HUMAN,BCAM
189,BEST2_HUMAN,BEST2
190,BEST4_HUMAN,BEST4
191,BKRB1_HUMAN,BDKRB1
192,BKRB2_HUMAN,BDKRB2
193,BMPR2_HUMAN,BMPR2
194,BMR1A_HUMAN,BMPR1A
195,BOC_HUMAN,BOC
196,BRS3_HUMAN,BRS3
197,BST1_HUMAN,BST1
198,BST2_HUMAN,BST2
199,BT1A1_HUMAN,BTN1A1
200,BT2A1_HUMAN,BTN2A1
201,BT2A2_HUMAN,BTN2A2
202,BT2A3_HUMAN,BTN2A3P
203,BT3A1_HUMAN,BTN3A1
204,BT3A2_HUMAN,BTN3A2
205,BT3A3_HUMAN,BTN3A3
206,BTC_HUMAN,BTC
207,BTLA_HUMAN,BTLA
208,BTNL3_HUMAN,BTNL3
209,BTNL9_HUMAN,BTNL9
210,BTNLA_HUMAN,BTNL10
211,BY55_HUMAN,CD160
212,C163A_HUMAN,CD163
213,C163B_HUMAN,CD163L1
214,C16L2_HUMAN,CD164L2
215,C1QR1_HUMAN,CD93
216,C3AR_HUMAN,C3AR1
217,C5AR1_HUMAN,C5AR1
218,C5AR2_HUMAN,C5AR2
219,CA159_HUMAN,C1orf159
220,CAC1C_HUMAN,CACNA1C
221,CAC1G_HUMAN,CACNA1G
222,CAC1I_HUMAN,CACNA1I
223,CAD10_HUMAN,CDH10
224,CAD11_HUMAN,CDH11
225,CAD12_HUMAN,CDH12
226,CAD13_HUMAN,CDH13
227,CAD15_HUMAN,CDH15
228,CAD16_HUMAN,CDH16
229,CAD17_HUMAN,CDH17
230,CAD18_HUMAN,CDH18
231,CAD19_HUMAN,CDH19
232,CAD20_HUMAN,CDH20
233,CAD22_HUMAN,CDH22
234,CAD23_HUMAN,CDH23
235,CAD24_HUMAN,CDH24
236,CAD26_HUMAN,CDH26
237,CADH1_HUMAN,CDH1
238,CADH2_HUMAN,CDH2
239,CADH3_HUMAN,CDH3
240,CADH4_HUMAN,CDH4
241,CADH5_HUMAN,CDH5
242,CADH6_HUMAN,CDH6
243,CADH7_HUMAN,CDH7
244,CADH8_HUMAN,CDH8
245,CADH9_HUMAN,CDH9
246,CADM1_HUMAN,CADM1
247,CADM2_HUMAN,CADM2
248,CADM3_HUMAN,CADM3
249,CADM4_HUMAN,CADM4
250,CAH12_HUMAN,CA12
251,CAH14_HUMAN,CA14
252,CAH4_HUMAN,CA4
253,CAHD1_HUMAN,CACHD1
254,CAHM2_HUMAN,CALHM2
255,CALCR_HUMAN,CALCR
256,CALRL_HUMAN,CALCRL
257,CALY_HUMAN,CALY
258,CASD1_HUMAN,CASD1
259,CASR_HUMAN,CASR
260,CBPD_HUMAN,CPD
261,CBPM_HUMAN,CPM
262,CC080_HUMAN,C3orf80
263,CC50A_HUMAN,TMEM30A
264,CC50C_HUMAN,TMEM30CP
265,CCG1_HUMAN,CACNG1
266,CCG2_HUMAN,CACNG2
267,CCG3_HUMAN,CACNG3
268,CCG4_HUMAN,CACNG4
269,CCG5_HUMAN,CACNG5
270,CCG6_HUMAN,CACNG6
271,CCG7_HUMAN,CACNG7
272,CCG8_HUMAN,CACNG8
273,CCGL_HUMAN,TMEM37
274,CCKAR_HUMAN,CCKAR
275,CCR10_HUMAN,CCR10
276,CCR1_HUMAN,CCR1
277,CCR2_HUMAN,CCR2
278,CCR3_HUMAN,CCR3
279,CCR4_HUMAN,CCR4
280,CCR5_HUMAN,CCR5
281,CCR6_HUMAN,CCR6
282,CCR7_HUMAN,CCR7
283,CCR8_HUMAN,CCR8
284,CCR9_HUMAN,CCR9
285,CCRL2_HUMAN,CCRL2
286,CD109_HUMAN,CD109
287,CD14_HUMAN,CD14
288,CD151_HUMAN,CD151
289,CD166_HUMAN,ALCAM
290,CD177_HUMAN,CD177
291,CD180_HUMAN,CD180
292,CD19_HUMAN,CD19
293,CD1A_HUMAN,CD1A
294,CD1B_HUMAN,CD1B
295,CD1C_HUMAN,CD1C
296,CD1D_HUMAN,CD1D
297,CD1E_HUMAN,CD1E
298,CD20_HUMAN,MS4A1
299,CD226_HUMAN,CD226
300,CD22_HUMAN,CD22
301,CD244_HUMAN,CD244
302,CD248_HUMAN,CD248
303,CD24_HUMAN,CD24
304,CD276_HUMAN,CD276
305,CD27_HUMAN,CD27
306,CD28_HUMAN,CD28
307,CD2_HUMAN,CD2
308,CD302_HUMAN,CD302
309,CD320_HUMAN,CD320
310,CD33_HUMAN,CD33
311,CD34_HUMAN,CD34
312,CD36_HUMAN,CD36
313,CD37_HUMAN,CD37
314,CD38_HUMAN,CD38
315,CD3D_HUMAN,CD3D
316,CD3G_HUMAN,CD3G
317,CD40L_HUMAN,CD40LG
318,CD44_HUMAN,CD44
319,CD47_HUMAN,CD47
320,CD48_HUMAN,CD48
321,CD4_HUMAN,CD4
322,CD52_HUMAN,CD52
323,CD53_HUMAN,CD53
324,CD59_HUMAN,CD59
325,CD5_HUMAN,CD5
326,CD63_HUMAN,CD63
327,CD68_HUMAN,CD68
328,CD69_HUMAN,CD69
329,CD6_HUMAN,CD6
330,CD70_HUMAN,CD70
331,CD79A_HUMAN,CD79A
332,CD79B_HUMAN,CD79B
333,CD7_HUMAN,CD7
334,CD80_HUMAN,CD80
335,CD82_HUMAN,CD82
336,CD83_HUMAN,CD83
337,CD86_HUMAN,CD86
338,CD8A_HUMAN,CD8A
339,CD8B_HUMAN,CD8B
340,CD9_HUMAN,CD9
341,CDCP1_HUMAN,CDCP1
342,CDHR1_HUMAN,CDHR1
343,CDHR2_HUMAN,CDHR2
344,CDHR3_HUMAN,CDHR3
345,CDHR4_HUMAN,CDHR4
346,CDHR5_HUMAN,CDHR5
347,CDON_HUMAN,CDON
348,CEA19_HUMAN,CEACAM19
349,CEA20_HUMAN,CEACAM20
350,CEA21_HUMAN,CEACAM21
351,CEAM1_HUMAN,CEACAM1
352,CEAM3_HUMAN,CEACAM3
353,CEAM4_HUMAN,CEACAM4
354,CEAM5_HUMAN,CEACAM5
355,CEAM6_HUMAN,CEACAM6
356,CEAM7_HUMAN,CEACAM7
357,CEAM8_HUMAN,CEACAM8
358,CELR1_HUMAN,CELSR1
359,CELR2_HUMAN,CELSR2
360,CELR3_HUMAN,CELSR3
361,CFC1_HUMAN,CFC1
362,CGT_HUMAN,UGT8
363,CHODL_HUMAN,CHODL
364,CHPT1_HUMAN,CHPT1
365,CK024_HUMAN,C11orf24
366,CK087_HUMAN,C11orf87
367,CL12A_HUMAN,CLEC12A
368,CL12B_HUMAN,CLEC12B
369,CL17A_HUMAN,CLEC17A
370,CLC14_HUMAN,CLEC14A
371,CLC1A_HUMAN,CLEC1A
372,CLC1B_HUMAN,CLEC1B
373,CLC2D_HUMAN,CLEC2D
374,CLC4G_HUMAN,CLEC4G
375,CLC4M_HUMAN,CLEC4M
376,CLC5A_HUMAN,CLEC5A
377,CLC7A_HUMAN,CLEC7A
378,CLC9A_HUMAN,CLEC9A
379,CLCA2_HUMAN,CLCA2
380,CLCA4_HUMAN,CLCA4
381,CLCKB_HUMAN,CLCNKB
382,CLD10_HUMAN,CLDN10
383,CLD11_HUMAN,CLDN11
384,CLD12_HUMAN,CLDN12
385,CLD15_HUMAN,CLDN15
386,CLD16_HUMAN,CLDN16
387,CLD18_HUMAN,CLDN18
388,CLD19_HUMAN,CLDN19
389,CLD1_HUMAN,CLDN1
390,CLD20_HUMAN,CLDN20
391,CLD22_HUMAN,CLDN22
392,CLD24_HUMAN,CLDN24
393,CLD2_HUMAN,CLDN2
394,CLD3_HUMAN,CLDN3
395,CLD4_HUMAN,CLDN4
396,CLD6_HUMAN,CLDN6
397,CLD7_HUMAN,CLDN7
398,CLD8_HUMAN,CLDN8
399,CLD9_HUMAN,CLDN9
400,CLDN1_HUMAN,CLDND1
401,CLM1_HUMAN,CD300LF
402,CLM2_HUMAN,CD300E
403,CLM6_HUMAN,CD300C
404,CLM8_HUMAN,CD300A
405,CLM9_HUMAN,CD300LG
406,CLMP_HUMAN,CLMP
407,CLN3_HUMAN,CLN3
408,CLRN1_HUMAN,CLRN1
409,CLRN2_HUMAN,CLRN2
410,CLTR1_HUMAN,CYSLTR1
411,CLTR2_HUMAN,CYSLTR2
412,CML1_HUMAN,CMKLR1
413,CN132_HUMAN,C14orf132
414,CNNM2_HUMAN,CNNM2
415,CNNM3_HUMAN,CNNM3
416,CNNM4_HUMAN,CNNM4
417,CNR1_HUMAN,CNR1
418,CNR2_HUMAN,CNR2
419,CNT3B_HUMAN,CNTNAP3B
420,CNTFR_HUMAN,CNTFR
421,CNTN1_HUMAN,CNTN1
422,CNTN2_HUMAN,CNTN2
423,CNTN3_HUMAN,CNTN3
424,CNTN4_HUMAN,CNTN4
425,CNTN5_HUMAN,CNTN5
426,CNTN6_HUMAN,CNTN6
427,CNTP1_HUMAN,CNTNAP1
428,CNTP2_HUMAN,CNTNAP2
429,CNTP3_HUMAN,CNTNAP3
430,CNTP4_HUMAN,CNTNAP4
431,CNTP5_HUMAN,CNTNAP5
432,COPT1_HUMAN,SLC31A1
433,CORIN_HUMAN,CORIN
434,CR1_HUMAN,CR1
435,CR2_HUMAN,CR2
436,CRFR1_HUMAN,CRHR1
437,CRFR2_HUMAN,CRHR2
438,CRIM1_HUMAN,CRIM1
439,CRLF2_HUMAN,CRLF2
440,CRTAM_HUMAN,CRTAM
441,CRUM1_HUMAN,CRB1
442,CRUM2_HUMAN,CRB2
443,CRUM3_HUMAN,CRB3
444,CS018_HUMAN,C19orf18
445,CSC1_HUMAN,TMEM63C
446,CSCL1_HUMAN,TMEM63A
447,CSCL2_HUMAN,TMEM63B
448,CSF1R_HUMAN,CSF1R
449,CSF1_HUMAN,CSF1
450,CSF2R_HUMAN,CSF2RA
451,CSF3R_HUMAN,CSF3R
452,CSMD1_HUMAN,CSMD1
453,CSMD2_HUMAN,CSMD2
454,CSPG4_HUMAN,CSPG4
455,CSPG5_HUMAN,CSPG5
456,CSTN1_HUMAN,CLSTN1
457,CSTN2_HUMAN,CLSTN2
458,CSTN3_HUMAN,CLSTN3
459,CTL1_HUMAN,SLC44A1
460,CTL2_HUMAN,SLC44A2
461,CTL3_HUMAN,SLC44A3
462,CTL4_HUMAN,SLC44A4
463,CTL5_HUMAN,SLC44A5
464,CTLA4_HUMAN,CTLA4
465,CTNS_HUMAN,CTNS
466,CTR2_HUMAN,SLC7A2
467,CTR3_HUMAN,SLC7A3
468,CTR4_HUMAN,SLC7A4
469,CTSRD_HUMAN,CATSPERD
470,CTSRG_HUMAN,CATSPERG
471,CUZD1_HUMAN,CUZD1
472,CX3C1_HUMAN,CX3CR1
473,CXA1_HUMAN,GJA1
474,CXA3_HUMAN,GJA3
475,CXA4_HUMAN,GJA4
476,CXAR_HUMAN,CXADR
477,CXB1_HUMAN,GJB1
478,CXB2_HUMAN,GJB2
479,CXB3_HUMAN,GJB3
480,CXB4_HUMAN,GJB4
481,CXB5_HUMAN,GJB5
482,CXB6_HUMAN,GJB6
483,CXB7_HUMAN,GJB7
484,CXCR1_HUMAN,CXCR1
485,CXCR2_HUMAN,CXCR2
486,CXCR3_HUMAN,CXCR3
487,CXCR4_HUMAN,CXCR4
488,CXCR5_HUMAN,CXCR5
489,CXCR6_HUMAN,CXCR6
490,CXD2_HUMAN,GJD2
491,CXG2_HUMAN,GJC2
492,CXG3_HUMAN,GJC3
493,CXL16_HUMAN,CXCL16
494,CY24B_HUMAN,CYBB
495,DAF_HUMAN,CD55
496,DAG1_HUMAN,DAG1
497,DCBD1_HUMAN,DCBLD1
498,DCBD2_HUMAN,DCBLD2
499,DCC_HUMAN,DCC
500,DCSTP_HUMAN,DCSTAMP
501,DDR1_HUMAN,DDR1
502,DDR2_HUMAN,DDR2
503,DGLA_HUMAN,DAGLA
504,DGLB_HUMAN,DAGLB
505,DIRC2_HUMAN,SLC49A4
506,DISP1_HUMAN,DISP1
507,DISP2_HUMAN,DISP2
508,DLK1_HUMAN,DLK1
509,DLK2_HUMAN,DLK2
510,DLL1_HUMAN,DLL1
511,DLL3_HUMAN,DLL3
512,DLL4_HUMAN,DLL4
513,DMA_HUMAN,HLA-DMA
514,DMB_HUMAN,HLA-DMB
515,DNER_HUMAN,DNER
516,DOA_HUMAN,HLA-DOA
517,DOB_HUMAN,HLA-DOB
518,DOXA1_HUMAN,DUOXA1
519,DPA1_HUMAN,HLA-DPA1
520,DPB1_HUMAN,HLA-DPB1
521,DPEP1_HUMAN,DPEP1
522,DPEP2_HUMAN,DPEP2
523,DPEP3_HUMAN,DPEP3
524,DPP10_HUMAN,DPP10
525,DPP4_HUMAN,DPP4
526,DPP6_HUMAN,DPP6
527,DQA1_HUMAN,HLA-DQA1
528,DQA2_HUMAN,HLA-DQA2
529,DQB1_HUMAN,HLA-DQB1
530,DQB2_HUMAN,HLA-DQB2
531,DRA_HUMAN,HLA-DRA
532,DRB3_HUMAN,HLA-DRB3
533,DRB4_HUMAN,HLA-DRB4
534,DRB5_HUMAN,HLA-DRB5
535,DRD1_HUMAN,DRD1
536,DRD2_HUMAN,DRD2
537,DRD3_HUMAN,DRD3
538,DRD4_HUMAN,DRD4
539,DRD5_HUMAN,DRD5
540,DSC1_HUMAN,DSC1
541,DSC2_HUMAN,DSC2
542,DSC3_HUMAN,DSC3
543,DSCAM_HUMAN,DSCAM
544,DSCL1_HUMAN,DSCAML1
545,DSG1_HUMAN,DSG1
546,DSG2_HUMAN,DSG2
547,DSG3_HUMAN,DSG3
548,DSG4_HUMAN,DSG4
549,DUOX1_HUMAN,DUOX1
550,DUOX2_HUMAN,DUOX2
551,DYNAP_HUMAN,DYNAP
552,EAA1_HUMAN,SLC1A3
553,EAA2_HUMAN,SLC1A2
554,EAA3_HUMAN,SLC1A1
555,EAA4_HUMAN,SLC1A6
556,EAA5_HUMAN,SLC1A7
557,EBP_HUMAN,EBP
558,ECE1_HUMAN,ECE1
559,ECSCR_HUMAN,ECSCR
560,EDAR_HUMAN,EDAR
561,EDA_HUMAN,EDA
562,EDNRA_HUMAN,EDNRA
563,EDNRB_HUMAN,EDNRB
564,EFC1_HUMAN,ERVFC1
565,EFNA1_HUMAN,EFNA1
566,EFNA2_HUMAN,EFNA2
567,EFNA3_HUMAN,EFNA3
568,EFNA4_HUMAN,EFNA4
569,EFNA5_HUMAN,EFNA5
570,EFNB1_HUMAN,EFNB1
571,EFNB2_HUMAN,EFNB2
572,EFNB3_HUMAN,EFNB3
573,EGFR_HUMAN,EGFR
574,EGF_HUMAN,EGF
575,EGLN_HUMAN,ENG
576,ELFN1_HUMAN,ELFN1
577,EMB_HUMAN,EMB
578,EMP1_HUMAN,EMP1
579,EMP2_HUMAN,EMP2
580,EMP3_HUMAN,EMP3
581,EN113_HUMAN,HERVK_113
582,ENK13_HUMAN,ERVK13-1
583,ENK18_HUMAN,ERVK-18
584,ENK19_HUMAN,ERVK-19
585,ENK21_HUMAN,ERVK-21
586,ENK24_HUMAN,ERVK-24
587,ENK25_HUMAN,ERVK-25
588,ENK6_HUMAN,ERVK-6
589,ENK7_HUMAN,ERVK-7
590,ENK8_HUMAN,ERVK-8
591,ENK9_HUMAN,ERVK-9
592,ENPP1_HUMAN,ENPP1
593,ENPP4_HUMAN,ENPP4
594,ENPP5_HUMAN,ENPP5
595,ENPP6_HUMAN,ENPP6
596,ENTK_HUMAN,TMPRSS15
597,ENTP1_HUMAN,ENTPD1
598,ENTP3_HUMAN,ENTPD3
599,ENVT1_HUMAN,ERVS71-1
600,EPCAM_HUMAN,EPCAM
601,EPCR_HUMAN,PROCR
602,EPGN_HUMAN,EPGN
603,EPHA1_HUMAN,EPHA1
604,EPHA2_HUMAN,EPHA2
605,EPHA3_HUMAN,EPHA3
606,EPHA4_HUMAN,EPHA4
607,EPHA5_HUMAN,EPHA5
608,EPHA6_HUMAN,EPHA6
609,EPHA7_HUMAN,EPHA7
610,EPHA8_HUMAN,EPHA8
611,EPHAA_HUMAN,EPHA10
612,EPHB1_HUMAN,EPHB1
613,EPHB2_HUMAN,EPHB2
614,EPHB3_HUMAN,EPHB3
615,EPHB4_HUMAN,EPHB4
616,EPHB6_HUMAN,EPHB6
617,EPOR_HUMAN,EPOR
618,EQTN_HUMAN,EQTN
619,ERB1_HUMAN,ERVPABLB-1
620,ERBB2_HUMAN,ERBB2
621,ERBB3_HUMAN,ERBB3
622,ERBB4_HUMAN,ERBB4
623,EREG_HUMAN,EREG
624,ERMAP_HUMAN,ERMAP
625,ERMP1_HUMAN,ERMP1
626,ERVV1_HUMAN,ERVV-1
627,ERVV2_HUMAN,ERVV-2
628,ESAM_HUMAN,ESAM
629,ESYT3_HUMAN,ESYT3
630,EVA1C_HUMAN,EVA1C
631,EVI2A_HUMAN,EVI2A
632,EVI2B_HUMAN,EVI2B
633,F1711_HUMAN,FAM171A1
634,F1712_HUMAN,FAM171A2
635,F171B_HUMAN,FAM171B
636,F174A_HUMAN,FAM174A
637,F174B_HUMAN,FAM174B
638,F187B_HUMAN,FAM187B
639,F189B_HUMAN,FAM189B
640,FAT1_HUMAN,FAT1
641,FAT2_HUMAN,FAT2
642,FAT3_HUMAN,FAT3
643,FAT4_HUMAN,FAT4
644,FCAMR_HUMAN,FCAMR
645,FCAR_HUMAN,FCAR
646,FCERA_HUMAN,FCER1A
647,FCG2A_HUMAN,FCGR2A
648,FCG2B_HUMAN,FCGR2B
649,FCG2C_HUMAN,FCGR2C
650,FCG3A_HUMAN,FCGR3A
651,FCG3B_HUMAN,FCGR3B
652,FCGR1_HUMAN,FCGR1A
653,FCGRB_HUMAN,FCGR1BP
654,FCGRN_HUMAN,FCGRT
655,FCRL1_HUMAN,FCRL1
656,FCRL2_HUMAN,FCRL2
657,FCRL3_HUMAN,FCRL3
658,FCRL4_HUMAN,FCRL4
659,FCRL5_HUMAN,FCRL5
660,FCRL6_HUMAN,FCRL6
661,FFAR1_HUMAN,FFAR1
662,FFAR2_HUMAN,FFAR2
663,FFAR3_HUMAN,FFAR3
664,FFAR4_HUMAN,FFAR4
665,FGFR1_HUMAN,FGFR1
666,FGFR2_HUMAN,FGFR2
667,FGFR3_HUMAN,FGFR3
668,FGFR4_HUMAN,FGFR4
669,FGRL1_HUMAN,FGFRL1
670,FKRP_HUMAN,FKRP
671,FLRT1_HUMAN,FLRT1
672,FLRT2_HUMAN,FLRT2
673,FLRT3_HUMAN,FLRT3
674,FLT3L_HUMAN,FLT3LG
675,FLT3_HUMAN,FLT3
676,FLVC1_HUMAN,FLVCR1
677,FLVC2_HUMAN,FLVCR2
678,FNDC4_HUMAN,FNDC4
679,FNDC5_HUMAN,FNDC5
680,FNDC9_HUMAN,FNDC9
681,FOLH1_HUMAN,FOLH1
682,FOLR1_HUMAN,FOLR1
683,FOLR2_HUMAN,FOLR2
684,FPR1_HUMAN,FPR1
685,FPR2_HUMAN,FPR2
686,FPR3_HUMAN,FPR3
687,FPRP_HUMAN,PTGFRN
688,FRAS1_HUMAN,FRAS1
689,FREM2_HUMAN,FREM2
690,FRRS1_HUMAN,FRRS1
691,FSHR_HUMAN,FSHR
692,FURIN_HUMAN,FURIN
693,FZD10_HUMAN,FZD10
694,FZD1_HUMAN,FZD1
695,FZD2_HUMAN,FZD2
696,FZD3_HUMAN,FZD3
697,FZD4_HUMAN,FZD4
698,FZD5_HUMAN,FZD5
699,FZD6_HUMAN,FZD6
700,FZD7_HUMAN,FZD7
701,FZD8_HUMAN,FZD8
702,FZD9_HUMAN,FZD9
703,G137A_HUMAN,GPR137
704,G137B_HUMAN,GPR137B
705,G137C_HUMAN,GPR137C
706,G32P1_HUMAN,GPR32P1
707,G6B_HUMAN,MPIG6B
708,G6PT1_HUMAN,SLC37A4
709,GABR1_HUMAN,GABBR1
710,GABR2_HUMAN,GABBR2
711,GALR1_HUMAN,GALR1
712,GALR2_HUMAN,GALR2
713,GALR3_HUMAN,GALR3
714,GAS1_HUMAN,GAS1
715,GASR_HUMAN,CCKBR
716,GBRA1_HUMAN,GABRA1
717,GBRA2_HUMAN,GABRA2
718,GBRA3_HUMAN,GABRA3
719,GBRA4_HUMAN,GABRA4
720,GBRA5_HUMAN,GABRA5
721,GBRA6_HUMAN,GABRA6
722,GBRB1_HUMAN,GABRB1
723,GBRB2_HUMAN,GABRB2
724,GBRB3_HUMAN,GABRB3
725,GBRD_HUMAN,GABRD
726,GBRE_HUMAN,GABRE
727,GBRG1_HUMAN,GABRG1
728,GBRG2_HUMAN,GABRG2
729,GBRG3_HUMAN,GABRG3
730,GBRP_HUMAN,GABRP
731,GBRR1_HUMAN,GABRR1
732,GBRR2_HUMAN,GABRR2
733,GBRR3_HUMAN,GABRR3
734,GBRT_HUMAN,GABRQ
735,GDPD2_HUMAN,GDPD2
736,GDPD5_HUMAN,GDPD5
737,GFRA1_HUMAN,GFRA1
738,GFRA2_HUMAN,GFRA2
739,GFRA3_HUMAN,GFRA3
740,GFRA4_HUMAN,GFRA4
741,GFRAL_HUMAN,GFRAL
742,GFY_HUMAN,GFY
743,GGT1_HUMAN,GGT1
744,GGT3_HUMAN,GGT3P
745,GGT7_HUMAN,GGT7
746,GHRHR_HUMAN,GHRHR
747,GHR_HUMAN,GHR
748,GHSR_HUMAN,GHSR
749,GINM1_HUMAN,GINM1
750,GIPR_HUMAN,GIPR
751,GLDN_HUMAN,GLDN
752,GLIP1_HUMAN,GLIPR1
753,GLP1R_HUMAN,GLP1R
754,GLP2R_HUMAN,GLP2R
755,GLPA_HUMAN,GYPA
756,GLPC_HUMAN,GYPC
757,GLRA1_HUMAN,GLRA1
758,GLRA2_HUMAN,GLRA2
759,GLRA3_HUMAN,GLRA3
760,GLRB_HUMAN,GLRB
761,GLR_HUMAN,GCGR
762,GML_HUMAN,GML
763,GNRHR_HUMAN,GNRHR
764,GNRR2_HUMAN,GNRHR2
765,GOLI_HUMAN,RNF130
766,GP101_HUMAN,GPR101
767,GP107_HUMAN,GPR107
768,GP108_HUMAN,GPR108
769,GP119_HUMAN,GPR119
770,GP132_HUMAN,GPR132
771,GP139_HUMAN,GPR139
772,GP141_HUMAN,GPR141
773,GP142_HUMAN,GPR142
774,GP143_HUMAN,GPR143
775,GP146_HUMAN,GPR146
776,GP148_HUMAN,GPR148
777,GP149_HUMAN,GPR149
778,GP150_HUMAN,GPR150
779,GP151_HUMAN,GPR151
780,GP152_HUMAN,GPR152
781,GP153_HUMAN,GPR153
782,GP155_HUMAN,GPR155
783,GP156_HUMAN,GPR156
784,GP157_HUMAN,GPR157
785,GP158_HUMAN,GPR158
786,GP160_HUMAN,GPR160
787,GP161_HUMAN,GPR161
788,GP162_HUMAN,GPR162
789,GP171_HUMAN,GPR171
790,GP173_HUMAN,GPR173
791,GP174_HUMAN,GPR174
792,GP176_HUMAN,GPR176
793,GP179_HUMAN,GPR179
794,GP180_HUMAN,GPR180
795,GP182_HUMAN,GPR182
796,GP183_HUMAN,GPR183
797,GP1BA_HUMAN,GP1BA
798,GP1BB_HUMAN,GP1BB
799,GP2_HUMAN,GP2
800,GPA33_HUMAN,GPA33
801,GPBAR_HUMAN,GPBAR1
802,GPC1_HUMAN,GPC1
803,GPC2_HUMAN,GPC2
804,GPC3_HUMAN,GPC3
805,GPC4_HUMAN,GPC4
806,GPC5B_HUMAN,GPRC5B
807,GPC5C_HUMAN,GPRC5C
808,GPC5D_HUMAN,GPRC5D
809,GPC5_HUMAN,GPC5
810,GPC6A_HUMAN,GPRC6A
811,GPC6_HUMAN,GPC6
812,GPER1_HUMAN,GPER1
813,GPM6A_HUMAN,GPM6A
814,GPM6B_HUMAN,GPM6B
815,GPNMB_HUMAN,GPNMB
816,GPR12_HUMAN,GPR12
817,GPR15_HUMAN,GPR15
818,GPR17_HUMAN,GPR17
819,GPR18_HUMAN,GPR18
820,GPR19_HUMAN,GPR19
821,GPR20_HUMAN,GPR20
822,GPR21_HUMAN,GPR21
823,GPR22_HUMAN,GPR22
824,GPR25_HUMAN,GPR25
825,GPR26_HUMAN,GPR26
826,GPR27_HUMAN,GPR27
827,GPR31_HUMAN,GPR31
828,GPR32_HUMAN,GPR32
829,GPR33_HUMAN,GPR33
830,GPR34_HUMAN,GPR34
831,GPR35_HUMAN,GPR35
832,GPR37_HUMAN,GPR37
833,GPR39_HUMAN,GPR39
834,GPR3_HUMAN,GPR3
835,GPR42_HUMAN,GPR42
836,GPR45_HUMAN,GPR45
837,GPR4_HUMAN,GPR4
838,GPR52_HUMAN,GPR52
839,GPR55_HUMAN,GPR55
840,GPR61_HUMAN,GPR61
841,GPR62_HUMAN,GPR62
842,GPR63_HUMAN,GPR63
843,GPR6_HUMAN,GPR6
844,GPR75_HUMAN,GPR75
845,GPR78_HUMAN,GPR78
846,GPR82_HUMAN,GPR82
847,GPR83_HUMAN,GPR83
848,GPR84_HUMAN,GPR84
849,GPR85_HUMAN,GPR85
850,GPR87_HUMAN,GPR87
851,GPR88_HUMAN,GPR88
852,GPVI_HUMAN,GP6
853,GPV_HUMAN,GP5
854,GRIA1_HUMAN,GRIA1
855,GRIA2_HUMAN,GRIA2
856,GRIA3_HUMAN,GRIA3
857,GRIA4_HUMAN,GRIA4
858,GRID1_HUMAN,GRID1
859,GRID2_HUMAN,GRID2
860,GRIK1_HUMAN,GRIK1
861,GRIK2_HUMAN,GRIK2
862,GRIK3_HUMAN,GRIK3
863,GRIK4_HUMAN,GRIK4
864,GRIK5_HUMAN,GRIK5
865,GRM1_HUMAN,GRM1
866,GRM2_HUMAN,GRM2
867,GRM3_HUMAN,GRM3
868,GRM4_HUMAN,GRM4
869,GRM5_HUMAN,GRM5
870,GRM6_HUMAN,GRM6
871,GRM7_HUMAN,GRM7
872,GRM8_HUMAN,GRM8
873,GRPR_HUMAN,GRPR
874,GSG1L_HUMAN,GSG1L
875,GSG1_HUMAN,GSG1
876,GTR10_HUMAN,SLC2A10
877,GTR11_HUMAN,SLC2A11
878,GTR12_HUMAN,SLC2A12
879,GTR14_HUMAN,SLC2A14
880,GTR1_HUMAN,SLC2A1
881,GTR2_HUMAN,SLC2A2
882,GTR3_HUMAN,SLC2A3
883,GTR5_HUMAN,SLC2A5
884,GTR6_HUMAN,SLC2A6
885,GTR7_HUMAN,SLC2A7
886,GTR8_HUMAN,SLC2A8
887,GTR9_HUMAN,SLC2A9
888,GUC2C_HUMAN,GUCY2C
889,HAVR1_HUMAN,HAVCR1
890,HAVR2_HUMAN,HAVCR2
891,HBEGF_HUMAN,HBEGF
892,HCAR1_HUMAN,HCAR1
893,HCAR2_HUMAN,HCAR2
894,HCAR3_HUMAN,HCAR3
895,HDBP1_HUMAN,GPIHBP1
896,HECA2_HUMAN,HEPACAM2
897,HECAM_HUMAN,HEPACAM
898,HEG1_HUMAN,HEG1
899,HEPH_HUMAN,HEPH
900,HFE_HUMAN,HFE
901,HG2A_HUMAN,CD74
902,HHLA2_HUMAN,HHLA2
903,HIDE1_HUMAN,HIDE1
904,HLAE_HUMAN,HLA-E
905,HLAF_HUMAN,HLA-F
906,HLAG_HUMAN,HLA-G
907,HLAH_HUMAN,HLA-H
908,HM13_HUMAN,HM13
909,HMR1_HUMAN,MR1
910,HPHL1_HUMAN,HEPHL1
911,HRH1_HUMAN,HRH1
912,HRH2_HUMAN,HRH2
913,HRH3_HUMAN,HRH3
914,HRH4_HUMAN,HRH4
915,HYAL2_HUMAN,HYAL2
916,HYALP_HUMAN,SPAM1
917,I10R1_HUMAN,IL10RA
918,I10R2_HUMAN,IL10RB
919,I11RA_HUMAN,IL11RA
920,I12R1_HUMAN,IL12RB1
921,I12R2_HUMAN,IL12RB2
922,I13R1_HUMAN,IL13RA1
923,I13R2_HUMAN,IL13RA2
924,I15RA_HUMAN,IL15RA
925,I17RA_HUMAN,IL17RA
926,I17RB_HUMAN,IL17RB
927,I17RC_HUMAN,IL17RC
928,I17RD_HUMAN,IL17RD
929,I17RE_HUMAN,IL17RE
930,I18RA_HUMAN,IL18RAP
931,I20RA_HUMAN,IL20RA
932,I20RB_HUMAN,IL20RB
933,I22R1_HUMAN,IL22RA1
934,I27RA_HUMAN,IL27RA
935,ICAM1_HUMAN,ICAM1
936,ICAM2_HUMAN,ICAM2
937,ICAM3_HUMAN,ICAM3
938,ICAM4_HUMAN,ICAM4
939,ICAM5_HUMAN,ICAM5
940,ICOSL_HUMAN,ICOSLG
941,ICOS_HUMAN,ICOS
942,IDD_HUMAN,DGCR2
943,IGDC3_HUMAN,IGDCC3
944,IGDC4_HUMAN,IGDCC4
945,IGF1R_HUMAN,IGF1R
946,IGFR1_HUMAN,IGFLR1
947,IGS11_HUMAN,IGSF11
948,IGSF1_HUMAN,IGSF1
949,IGSF2_HUMAN,CD101
950,IGSF3_HUMAN,IGSF3
951,IGSF5_HUMAN,IGSF5
952,IGSF6_HUMAN,IGSF6
953,IGSF8_HUMAN,IGSF8
954,IL18R_HUMAN,IL18R1
955,IL1AP_HUMAN,IL1RAP
956,IL1R1_HUMAN,IL1R1
957,IL1R2_HUMAN,IL1R2
958,IL21R_HUMAN,IL21R
959,IL23R_HUMAN,IL23R
960,IL2RA_HUMAN,IL2RA
961,IL2RB_HUMAN,IL2RB
962,IL2RG_HUMAN,IL2RG
963,IL31R_HUMAN,IL31RA
964,IL3RA_HUMAN,IL3RA
965,IL3RB_HUMAN,CSF2RB
966,IL4RA_HUMAN,IL4R
967,IL5RA_HUMAN,IL5RA
968,IL6RA_HUMAN,IL6R
969,IL6RB_HUMAN,IL6ST
970,IL7RA_HUMAN,IL7R
971,IL9R_HUMAN,IL9R
972,ILDR1_HUMAN,ILDR1
973,ILRL1_HUMAN,IL1RL1
974,ILRL2_HUMAN,IL1RL2
975,IMPG2_HUMAN,IMPG2
976,INAR1_HUMAN,IFNAR1
977,INAR2_HUMAN,IFNAR2
978,INGR1_HUMAN,IFNGR1
979,INGR2_HUMAN,IFNGR2
980,INLR1_HUMAN,IFNLR1
981,INSRR_HUMAN,INSRR
982,INSR_HUMAN,INSR
983,IRPL1_HUMAN,IL1RAPL1
984,IRPL2_HUMAN,IL1RAPL2
985,ISLR2_HUMAN,ISLR2
986,ITA10_HUMAN,ITGA10
987,ITA11_HUMAN,ITGA11
988,ITA1_HUMAN,ITGA1
989,ITA2B_HUMAN,ITGA2B
990,ITA2_HUMAN,ITGA2
991,ITA3_HUMAN,ITGA3
992,ITA4_HUMAN,ITGA4
993,ITA5_HUMAN,ITGA5
994,ITA6_HUMAN,ITGA6
995,ITA7_HUMAN,ITGA7
996,ITA8_HUMAN,ITGA8
997,ITA9_HUMAN,ITGA9
998,ITAD_HUMAN,ITGAD
999,ITAE_HUMAN,ITGAE
1000,ITAL_HUMAN,ITGAL
1001,ITAM_HUMAN,ITGAM
1002,ITAV_HUMAN,ITGAV
1003,ITAX_HUMAN,ITGAX
1004,ITB1_HUMAN,ITGB1
1005,ITB2_HUMAN,ITGB2
1006,ITB3_HUMAN,ITGB3
1007,ITB4_HUMAN,ITGB4
1008,ITB5_HUMAN,ITGB5
1009,ITB6_HUMAN,ITGB6
1010,ITB7_HUMAN,ITGB7
1011,ITB8_HUMAN,ITGB8
1012,ITLN1_HUMAN,ITLN1
1013,ITM2B_HUMAN,ITM2B
1014,ITM2C_HUMAN,ITM2C
1015,IZUM1_HUMAN,IZUMO1
1016,IZUM3_HUMAN,IZUMO3
1017,JAG1_HUMAN,JAG1
1018,JAG2_HUMAN,JAG2
1019,JAM1_HUMAN,F11R
1020,JAM2_HUMAN,JAM2
1021,JAM3_HUMAN,JAM3
1022,JUNO_HUMAN,IZUMO1R
1023,K0319_HUMAN,KIAA0319
1024,K154L_HUMAN,KIAA1549L
1025,KCJ12_HUMAN,KCNJ12
1026,KCMB1_HUMAN,KCNMB1
1027,KCMB2_HUMAN,KCNMB2
1028,KCMB3_HUMAN,KCNMB3
1029,KCMB4_HUMAN,KCNMB4
1030,KCNA3_HUMAN,KCNA3
1031,KCNG4_HUMAN,KCNG4
1032,KCNJ3_HUMAN,KCNJ3
1033,KCNJ4_HUMAN,KCNJ4
1034,KCNK5_HUMAN,KCNK5
1035,KCNKI_HUMAN,KCNK18
1036,KCNS1_HUMAN,KCNS1
1037,KCNV2_HUMAN,KCNV2
1038,KCT2_HUMAN,KCT2
1039,KELL_HUMAN,KEL
1040,KI2L1_HUMAN,KIR2DL1
1041,KI2L2_HUMAN,KIR2DL2
1042,KI2L3_HUMAN,KIR2DL3
1043,KI2L4_HUMAN,KIR2DL4
1044,KI2LA_HUMAN,KIR2DL5A
1045,KI2LB_HUMAN,KIR2DL5B
1046,KI2S1_HUMAN,KIR2DS1
1047,KI2S2_HUMAN,KIR2DS2
1048,KI2S3_HUMAN,KIR2DS3
1049,KI2S4_HUMAN,KIR2DS4
1050,KI2S5_HUMAN,KIR2DS5
1051,KI3L1_HUMAN,KIR3DL1
1052,KI3L2_HUMAN,KIR3DL2
1053,KI3L3_HUMAN,KIR3DL3
1054,KI3S1_HUMAN,KIR3DS1
1055,KIRR1_HUMAN,KIRREL1
1056,KIRR2_HUMAN,KIRREL2
1057,KIRR3_HUMAN,KIRREL3
1058,KISSR_HUMAN,KISS1R
1059,KIT_HUMAN,KIT
1060,KLOT_HUMAN,KL
1061,KLRB1_HUMAN,KLRB1
1062,KLRF1_HUMAN,KLRF1
1063,KLRF2_HUMAN,KLRF2
1064,KLRG1_HUMAN,KLRG1
1065,KREM1_HUMAN,KREMEN1
1066,KREM2_HUMAN,KREMEN2
1067,L1CAM_HUMAN,L1CAM
1068,L37A1_HUMAN,LRRC37A
1069,L37A2_HUMAN,LRRC37A2
1070,L37A3_HUMAN,LRRC37A3
1071,LAAT1_HUMAN,SLC66A1
1072,LAG3_HUMAN,LAG3
1073,LAIR1_HUMAN,LAIR1
1074,LAMP1_HUMAN,LAMP1
1075,LAMP2_HUMAN,LAMP2
1076,LAMP3_HUMAN,LAMP3
1077,LAMP5_HUMAN,LAMP5
1078,LAT1_HUMAN,SLC7A5
1079,LAT3_HUMAN,SLC43A1
1080,LAT4_HUMAN,SLC43A2
1081,LAYN_HUMAN,LAYN
1082,LBN_HUMAN,EVC2
1083,LCAP_HUMAN,LNPEP
1084,LDLR_HUMAN,LDLR
1085,LEPR_HUMAN,LEPR
1086,LEUK_HUMAN,SPN
1087,LFA3_HUMAN,CD58
1088,LFG2_HUMAN,FAIM2
1089,LGR4_HUMAN,LGR4
1090,LGR5_HUMAN,LGR5
1091,LGR6_HUMAN,LGR6
1092,LHPL1_HUMAN,LHFPL1
1093,LHPL4_HUMAN,LHFPL4
1094,LIFR_HUMAN,LIFR
1095,LIGO1_HUMAN,LINGO1
1096,LIGO2_HUMAN,LINGO2
1097,LIGO3_HUMAN,LINGO3
1098,LIGO4_HUMAN,LINGO4
1099,LIPL_HUMAN,LPL
1100,LIRA1_HUMAN,LILRA1
1101,LIRA2_HUMAN,LILRA2
1102,LIRA4_HUMAN,LILRA4
1103,LIRA5_HUMAN,LILRA5
1104,LIRA6_HUMAN,LILRA6
1105,LIRB1_HUMAN,LILRB1
1106,LIRB2_HUMAN,LILRB2
1107,LIRB3_HUMAN,LILRB3
1108,LIRB5_HUMAN,LILRB5
1109,LMA2L_HUMAN,LMAN2L
1110,LMAN2_HUMAN,LMAN2
1111,LMBD1_HUMAN,LMBRD1
1112,LMBD2_HUMAN,LMBRD2
1113,LMBR1_HUMAN,LMBR1
1114,LMBRL_HUMAN,LMBR1L
1115,LMIP_HUMAN,LIM2
1116,LPAR1_HUMAN,LPAR1
1117,LPAR2_HUMAN,LPAR2
1118,LPAR3_HUMAN,LPAR3
1119,LPAR4_HUMAN,LPAR4
1120,LPAR5_HUMAN,LPAR5
1121,LPAR6_HUMAN,LPAR6
1122,LPD6B_HUMAN,LYPD6B
1123,LPH_HUMAN,LCT
1124,LR37B_HUMAN,LRRC37B
1125,LRAD3_HUMAN,LDLRAD3
1126,LRAD4_HUMAN,LDLRAD4
1127,LRC15_HUMAN,LRRC15
1128,LRC19_HUMAN,LRRC19
1129,LRC24_HUMAN,LRRC24
1130,LRC25_HUMAN,LRRC25
1131,LRC32_HUMAN,LRRC32
1132,LRC38_HUMAN,LRRC38
1133,LRC3B_HUMAN,LRRC3B
1134,LRC4B_HUMAN,LRRC4B
1135,LRC4C_HUMAN,LRRC4C
1136,LRC52_HUMAN,LRRC52
1137,LRFN1_HUMAN,LRFN1
1138,LRFN2_HUMAN,LRFN2
1139,LRFN3_HUMAN,LRFN3
1140,LRFN4_HUMAN,LRFN4
1141,LRFN5_HUMAN,LRFN5
1142,LRIG1_HUMAN,LRIG1
1143,LRIG2_HUMAN,LRIG2
1144,LRIG3_HUMAN,LRIG3
1145,LRIT1_HUMAN,LRIT1
1146,LRIT2_HUMAN,LRIT2
1147,LRIT3_HUMAN,LRIT3
1148,LRN4L_HUMAN,LRRN4CL
1149,LRP10_HUMAN,LRP10
1150,LRP11_HUMAN,LRP11
1151,LRP12_HUMAN,LRP12
1152,LRP1B_HUMAN,LRP1B
1153,LRP1_HUMAN,LRP1
1154,LRP2_HUMAN,LRP2
1155,LRP3_HUMAN,LRP3
1156,LRP4_HUMAN,LRP4
1157,LRP5_HUMAN,LRP5
1158,LRP6_HUMAN,LRP6
1159,LRP8_HUMAN,LRP8
1160,LRRC4_HUMAN,LRRC4
1161,LRRN1_HUMAN,LRRN1
1162,LRRN2_HUMAN,LRRN2
1163,LRRN3_HUMAN,LRRN3
1164,LRRN4_HUMAN,LRRN4
1165,LRRT2_HUMAN,LRRTM2
1166,LRRT3_HUMAN,LRRTM3
1167,LRRT4_HUMAN,LRRTM4
1168,LRTM1_HUMAN,LRTM1
1169,LRTM2_HUMAN,LRTM2
1170,LSAMP_HUMAN,LSAMP
1171,LSHR_HUMAN,LHCGR
1172,LSME1_HUMAN,LSMEM1
1173,LT4R1_HUMAN,LTB4R
1174,LT4R2_HUMAN,LTB4R2
1175,LTK_HUMAN,LTK
1176,LY66C_HUMAN,LY6G6C
1177,LY66D_HUMAN,LY6G6D
1178,LY66F_HUMAN,LY6G6F
1179,LY6D_HUMAN,LY6D
1180,LY6E_HUMAN,LY6E
1181,LY6H_HUMAN,LY6H
1182,LY6K_HUMAN,LY6K
1183,LY75_HUMAN,LY75
1184,LY9_HUMAN,LY9
1185,LYAM1_HUMAN,SELL
1186,LYAM2_HUMAN,SELE
1187,LYAM3_HUMAN,SELP
1188,LYNX1_HUMAN,LYNX1
1189,LYPD1_HUMAN,LYPD1
1190,LYPD2_HUMAN,LYPD2
1191,LYPD3_HUMAN,LYPD3
1192,LYPD4_HUMAN,LYPD4
1193,LYPD5_HUMAN,LYPD5
1194,LYPD8_HUMAN,LYPD8
1195,LYSM3_HUMAN,LYSMD3
1196,LYVE1_HUMAN,LYVE1
1197,M4A15_HUMAN,MS4A15
1198,M4A6A_HUMAN,MS4A6A
1199,MADL2_HUMAN,MYADML2
1200,MAG_HUMAN,MAG
1201,MALR1_HUMAN,MALRD1
1202,MANS1_HUMAN,MANSC1
1203,MANS4_HUMAN,MANSC4
1204,MAS1L_HUMAN,MAS1L
1205,MAS_HUMAN,MAS1
1206,MC3R_HUMAN,MC3R
1207,MC4R_HUMAN,MC4R
1208,MC5R_HUMAN,MC5R
1209,MCHR1_HUMAN,MCHR1
1210,MCHR2_HUMAN,MCHR2
1211,MCLN1_HUMAN,MCOLN1
1212,MCP_HUMAN,CD46
1213,MDGA1_HUMAN,MDGA1
1214,MDGA2_HUMAN,MDGA2
1215,MDR1_HUMAN,ABCB1
1216,MDR3_HUMAN,ABCB4
1217,MEG10_HUMAN,MEGF10
1218,MEG11_HUMAN,MEGF11
1219,MEGF8_HUMAN,MEGF8
1220,MEGF9_HUMAN,MEGF9
1221,MEP1A_HUMAN,MEP1A
1222,MEP1B_HUMAN,MEP1B
1223,MER34_HUMAN,ERVMER34-1
1224,MERTK_HUMAN,MERTK
1225,MET_HUMAN,MET
1226,MFA3L_HUMAN,MFAP3L
1227,MFAP3_HUMAN,MFAP3
1228,MFRP_HUMAN,MFRP
1229,MFS11_HUMAN,MFSD11
1230,MFS12_HUMAN,MFSD12
1231,MFS2B_HUMAN,MFSD2B
1232,MFS6L_HUMAN,MFSD6L
1233,MFSD5_HUMAN,MFSD5
1234,MFSD6_HUMAN,MFSD6
1235,MFSD8_HUMAN,MFSD8
1236,MICA_HUMAN,MICA
1237,MICB_HUMAN,MICB
1238,MILR1_HUMAN,MILR1
1239,MIP_HUMAN,MIP
1240,MKS3_HUMAN,TMEM67
1241,MMEL1_HUMAN,MMEL1
1242,MMP14_HUMAN,MMP14
1243,MMP16_HUMAN,MMP16
1244,MMP17_HUMAN,MMP17
1245,MMP25_HUMAN,MMP25
1246,MO2R1_HUMAN,CD200R1
1247,MO2R2_HUMAN,CD200R1L
1248,MOG_HUMAN,MOG
1249,MOT12_HUMAN,SLC16A12
1250,MOT1_HUMAN,SLC16A1
1251,MOT2_HUMAN,SLC16A7
1252,MOT3_HUMAN,SLC16A8
1253,MOT5_HUMAN,SLC16A4
1254,MOT6_HUMAN,SLC16A5
1255,MOT7_HUMAN,SLC16A6
1256,MPEG1_HUMAN,MPEG1
1257,MPRD_HUMAN,M6PR
1258,MPRI_HUMAN,IGF2R
1259,MPZL1_HUMAN,MPZL1
1260,MPZL2_HUMAN,MPZL2
1261,MPZL3_HUMAN,MPZL3
1262,MRC1_HUMAN,MRC1
1263,MRC2_HUMAN,MRC2
1264,MRGRD_HUMAN,MRGPRD
1265,MRGRE_HUMAN,MRGPRE
1266,MRGRF_HUMAN,MRGPRF
1267,MRGRG_HUMAN,MRGPRG
1268,MRGX1_HUMAN,MRGPRX1
1269,MRGX2_HUMAN,MRGPRX2
1270,MRGX3_HUMAN,MRGPRX3
1271,MRGX4_HUMAN,MRGPRX4
1272,MRP1_HUMAN,ABCC1
1273,MRP2_HUMAN,ABCC2
1274,MRP3_HUMAN,ABCC3
1275,MRP4_HUMAN,ABCC4
1276,MRP5_HUMAN,ABCC5
1277,MRP7_HUMAN,ABCC10
1278,MRP9_HUMAN,ABCC12
1279,MSHR_HUMAN,MC1R
1280,MSLNL_HUMAN,MSLNL
1281,MSLN_HUMAN,MSLN
1282,MSRE_HUMAN,MSR1
1283,MTLR_HUMAN,MLNR
1284,MTR1A_HUMAN,MTNR1A
1285,MTR1B_HUMAN,MTNR1B
1286,MTR1L_HUMAN,GPR50
1287,MUC12_HUMAN,MUC12
1288,MUC13_HUMAN,MUC13
1289,MUC15_HUMAN,MUC15
1290,MUC16_HUMAN,MUC16
1291,MUC17_HUMAN,MUC17
1292,MUC18_HUMAN,MCAM
1293,MUC1_HUMAN,MUC1
1294,MUC21_HUMAN,MUC21
1295,MUC22_HUMAN,MUC22
1296,MUC24_HUMAN,CD164
1297,MUC3A_HUMAN,MUC3A
1298,MUC3B_HUMAN,MUC3B
1299,MUC4_HUMAN,MUC4
1300,MUCEN_HUMAN,EMCN
1301,MUSK_HUMAN,MUSK
1302,MXRA8_HUMAN,MXRA8
1303,MYADM_HUMAN,MYADM
1304,MYCT_HUMAN,SLC2A13
1305,MYOF_HUMAN,MYOF
1306,MYP0_HUMAN,MPZ
1307,MYPR_HUMAN,PLP1
1308,NAC1_HUMAN,SLC8A1
1309,NAC2_HUMAN,SLC8A2
1310,NAC3_HUMAN,SLC8A3
1311,NAGPA_HUMAN,NAGPA
1312,NALCN_HUMAN,NALCN
1313,NALDL_HUMAN,NAALADL1
1314,NAR1_HUMAN,ART1
1315,NAR3_HUMAN,ART3
1316,NAR4_HUMAN,ART4
1317,NCAM1_HUMAN,NCAM1
1318,NCAM2_HUMAN,NCAM2
1319,NCHL1_HUMAN,CHL1
1320,NCKX2_HUMAN,SLC24A2
1321,NCKX3_HUMAN,SLC24A3
1322,NCKX4_HUMAN,SLC24A4
1323,NCKX5_HUMAN,SLC24A5
1324,NCMAP_HUMAN,NCMAP
1325,NCTR1_HUMAN,NCR1
1326,NCTR2_HUMAN,NCR2
1327,NCTR3_HUMAN,NCR3
1328,NEGR1_HUMAN,NEGR1
1329,NEO1_HUMAN,NEO1
1330,NEP_HUMAN,MME
1331,NETO1_HUMAN,NETO1
1332,NETO2_HUMAN,NETO2
1333,NFAM1_HUMAN,NFAM1
1334,NFASC_HUMAN,NFASC
1335,NICA_HUMAN,NCSTN
1336,NIPA3_HUMAN,NIPAL1
1337,NIPA4_HUMAN,NIPAL4
1338,NK1R_HUMAN,TACR1
1339,NK2R_HUMAN,TACR2
1340,NK3R_HUMAN,TACR3
1341,NKAI1_HUMAN,NKAIN1
1342,NKAI2_HUMAN,NKAIN2
1343,NKAI3_HUMAN,NKAIN3
1344,NKG2A_HUMAN,KLRC1
1345,NKG2C_HUMAN,KLRC2
1346,NKG2D_HUMAN,KLRK1
1347,NKG2E_HUMAN,KLRC3
1348,NLGN1_HUMAN,NLGN1
1349,NLGN2_HUMAN,NLGN2
1350,NLGN3_HUMAN,NLGN3
1351,NLGNX_HUMAN,NLGN4X
1352,NLGNY_HUMAN,NLGN4Y
1353,NLS1_HUMAN,MFSD2A
1354,NMBR_HUMAN,NMBR
1355,NMD3A_HUMAN,GRIN3A
1356,NMD3B_HUMAN,GRIN3B
1357,NMDE1_HUMAN,GRIN2A
1358,NMDE2_HUMAN,GRIN2B
1359,NMDE3_HUMAN,GRIN2C
1360,NMDE4_HUMAN,GRIN2D
1361,NMDZ1_HUMAN,GRIN1
1362,NMUR1_HUMAN,NMUR1
1363,NMUR2_HUMAN,NMUR2
1364,NOTC1_HUMAN,NOTCH1
1365,NOTC2_HUMAN,NOTCH2
1366,NOTC3_HUMAN,NOTCH3
1367,NOTC4_HUMAN,NOTCH4
1368,NOX4_HUMAN,NOX4
1369,NPAL2_HUMAN,NIPAL2
1370,NPAL3_HUMAN,NIPAL3
1371,NPBW1_HUMAN,NPBWR1
1372,NPBW2_HUMAN,NPBWR2
1373,NPC1_HUMAN,NPC1
1374,NPCL1_HUMAN,NPC1L1
1375,NPFF1_HUMAN,NPFFR1
1376,NPFF2_HUMAN,NPFFR2
1377,NPHN_HUMAN,NPHS1
1378,NPSR1_HUMAN,NPSR1
1379,NPT1_HUMAN,SLC17A1
1380,NPT2A_HUMAN,SLC34A1
1381,NPT2B_HUMAN,SLC34A2
1382,NPT2C_HUMAN,SLC34A3
1383,NPTN_HUMAN,NPTN
1384,NPY1R_HUMAN,NPY1R
1385,NPY2R_HUMAN,NPY2R
1386,NPY4R_HUMAN,NPY4R
1387,NPY5R_HUMAN,NPY5R
1388,NPY6R_HUMAN,NPY6R
1389,NR3L1_HUMAN,NCR3LG1
1390,NRAM1_HUMAN,SLC11A1
1391,NRAM2_HUMAN,SLC11A2
1392,NRCAM_HUMAN,NRCAM
1393,NRG1_HUMAN,NRG1
1394,NRG2_HUMAN,NRG2
1395,NRG4_HUMAN,NRG4
1396,NRN1L_HUMAN,NRN1L
1397,NRN1_HUMAN,NRN1
1398,NRP1_HUMAN,NRP1
1399,NRP2_HUMAN,NRP2
1400,NRX1A_HUMAN,NRXN1
1401,NRX1B_HUMAN,NRXN1
1402,NRX2A_HUMAN,NRXN2
1403,NRX2B_HUMAN,NRXN2
1404,NRX3A_HUMAN,NRXN3
1405,NRX3B_HUMAN,NRXN3
1406,NTCP2_HUMAN,SLC10A2
1407,NTCP4_HUMAN,SLC10A4
1408,NTCP5_HUMAN,SLC10A5
1409,NTCP_HUMAN,SLC10A1
1410,NTNG1_HUMAN,NTNG1
1411,NTNG2_HUMAN,NTNG2
1412,NTR1_HUMAN,NTSR1
1413,NTR2_HUMAN,NTSR2
1414,NTRI_HUMAN,NTM
1415,NTRK1_HUMAN,NTRK1
1416,NTRK2_HUMAN,NTRK2
1417,NTRK3_HUMAN,NTRK3
1418,O10A2_HUMAN,OR10A2
1419,O10A3_HUMAN,OR10A3
1420,O10A4_HUMAN,OR10A4
1421,O10A5_HUMAN,OR10A5
1422,O10A6_HUMAN,OR10A6
1423,O10A7_HUMAN,OR10A7
1424,O10AC_HUMAN,OR10AC1
1425,O10AD_HUMAN,OR10AD1
1426,O10AG_HUMAN,OR10AG1
1427,O10C1_HUMAN,OR10C1
1428,O10D3_HUMAN,OR10D3
1429,O10D4_HUMAN,OR10D4P
1430,O10G2_HUMAN,OR10G2
1431,O10G3_HUMAN,OR10G3
1432,O10G4_HUMAN,OR10G4
1433,O10G6_HUMAN,OR10G6
1434,O10G7_HUMAN,OR10G7
1435,O10G8_HUMAN,OR10G8
1436,O10G9_HUMAN,OR10G9
1437,O10H1_HUMAN,OR10H1
1438,O10H2_HUMAN,OR10H2
1439,O10H3_HUMAN,OR10H3
1440,O10H4_HUMAN,OR10H4
1441,O10H5_HUMAN,OR10H5
1442,O10J1_HUMAN,OR10J1
1443,O10J3_HUMAN,OR10J3
1444,O10J4_HUMAN,OR10J4
1445,O10J5_HUMAN,OR10J5
1446,O10J6_HUMAN,OR10J6P
1447,O10K1_HUMAN,OR10K1
1448,O10K2_HUMAN,OR10K2
1449,O10P1_HUMAN,OR10P1
1450,O10Q1_HUMAN,OR10Q1
1451,O10R2_HUMAN,OR10R2
1452,O10S1_HUMAN,OR10S1
1453,O10T2_HUMAN,OR10T2
1454,O10V1_HUMAN,OR10V1
1455,O10W1_HUMAN,OR10W1
1456,O10X1_HUMAN,OR10X1
1457,O10Z1_HUMAN,OR10Z1
1458,O11A1_HUMAN,OR11A1
1459,O11G2_HUMAN,OR11G2
1460,O11H1_HUMAN,OR11H1
1461,O11H2_HUMAN,OR11H2
1462,O11H4_HUMAN,OR11H4
1463,O11H6_HUMAN,OR11H6
1464,O11H7_HUMAN,OR11H7
1465,O11HC_HUMAN,OR11H12
1466,O11L1_HUMAN,OR11L1
1467,O12D2_HUMAN,OR12D2
1468,O12D3_HUMAN,OR12D3
1469,O13A1_HUMAN,OR13A1
1470,O13C2_HUMAN,OR13C2
1471,O13C3_HUMAN,OR13C3
1472,O13C4_HUMAN,OR13C4
1473,O13C5_HUMAN,OR13C5
1474,O13C6_HUMAN,OR13C6P
1475,O13C8_HUMAN,OR13C8
1476,O13C9_HUMAN,OR13C9
1477,O13D1_HUMAN,OR13D1
1478,O13F1_HUMAN,OR13F1
1479,O13G1_HUMAN,OR13G1
1480,O13H1_HUMAN,OR13H1
1481,O13J1_HUMAN,OR13J1
1482,O14A2_HUMAN,OR14A2
1483,O14AG_HUMAN,OR14A16
1484,O14CZ_HUMAN,OR14C36
1485,O14I1_HUMAN,OR14I1
1486,O14J1_HUMAN,OR14J1
1487,O14K1_HUMAN,OR14K1
1488,O14L1_HUMAN,OR14L1P
1489,O2A12_HUMAN,OR2A12
1490,O2A14_HUMAN,OR2A14
1491,O2A25_HUMAN,OR2A25
1492,O2AE1_HUMAN,OR2AE1
1493,O2AG1_HUMAN,OR2AG1
1494,O2AG2_HUMAN,OR2AG2
1495,O2AJ1_HUMAN,OR2AJ1
1496,O2AK2_HUMAN,OR2AK2
1497,O2AP1_HUMAN,OR2AP1
1498,O2AT4_HUMAN,OR2AT4
1499,O2T10_HUMAN,OR2T10
1500,O2T11_HUMAN,OR2T11
1501,O2T12_HUMAN,OR2T12
1502,O2T27_HUMAN,OR2T27
1503,O2T29_HUMAN,OR2T29
1504,O2T33_HUMAN,OR2T33
1505,O2T34_HUMAN,OR2T34
1506,O2T35_HUMAN,OR2T35
1507,O4A15_HUMAN,OR4A15
1508,O4A16_HUMAN,OR4A16
1509,O4A47_HUMAN,OR4A47
1510,O4C45_HUMAN,OR4C45
1511,O4C46_HUMAN,OR4C46
1512,O4F15_HUMAN,OR4F15
1513,O4F17_HUMAN,OR4F17
1514,O4F21_HUMAN,OR4F21
1515,O51A2_HUMAN,OR51A2
1516,O51A4_HUMAN,OR51A4
1517,O51A7_HUMAN,OR51A7
1518,O51B2_HUMAN,OR51B2
1519,O51B4_HUMAN,OR51B4
1520,O51B5_HUMAN,OR51B5
1521,O51B6_HUMAN,OR51B6
1522,O51D1_HUMAN,OR51D1
1523,O51E1_HUMAN,OR51E1
1524,O51E2_HUMAN,OR51E2
1525,O51F1_HUMAN,OR51F1
1526,O51F2_HUMAN,OR51F2
1527,O51G1_HUMAN,OR51G1
1528,O51G2_HUMAN,OR51G2
1529,O51H1_HUMAN,OR51H1
1530,O51I1_HUMAN,OR51I1
1531,O51I2_HUMAN,OR51I2
1532,O51J1_HUMAN,OR51J1
1533,O51L1_HUMAN,OR51L1
1534,O51M1_HUMAN,OR51M1
1535,O51Q1_HUMAN,OR51Q1
1536,O51S1_HUMAN,OR51S1
1537,O51T1_HUMAN,OR51T1
1538,O51V1_HUMAN,OR51V1
1539,O52A1_HUMAN,OR52A1
1540,O52A4_HUMAN,OR52A4P
1541,O52A5_HUMAN,OR52A5
1542,O52B2_HUMAN,OR52B2
1543,O52B4_HUMAN,OR52B4
1544,O52B6_HUMAN,OR52B6
1545,O52D1_HUMAN,OR52D1
1546,O52E1_HUMAN,OR52E1
1547,O52E2_HUMAN,OR52E2
1548,O52E4_HUMAN,OR52E4
1549,O52E5_HUMAN,OR52E5
1550,O52E6_HUMAN,OR52E6
1551,O52E8_HUMAN,OR52E8
1552,O52H1_HUMAN,OR52H1
1553,O52I1_HUMAN,OR52I1
1554,O52I2_HUMAN,OR52I2
1555,O52J3_HUMAN,OR52J3
1556,O52K1_HUMAN,OR52K1
1557,O52K2_HUMAN,OR52K2
1558,O52L1_HUMAN,OR52L1
1559,O52L2_HUMAN,OR52L2P
1560,O52M1_HUMAN,OR52M1
1561,O52N1_HUMAN,OR52N1
1562,O52N2_HUMAN,OR52N2
1563,O52N4_HUMAN,OR52N4
1564,O52N5_HUMAN,OR52N5
1565,O52P1_HUMAN,OR52P1
1566,O52R1_HUMAN,OR52R1
1567,O52W1_HUMAN,OR52W1
1568,O52Z1_HUMAN,OR52Z1P
1569,O56A1_HUMAN,OR56A1
1570,O56A3_HUMAN,OR56A3
1571,O56A4_HUMAN,OR56A4
1572,O56A5_HUMAN,OR56A5
1573,O56B1_HUMAN,OR56B1
1574,O56B2_HUMAN,OR56B2P
1575,O56B4_HUMAN,OR56B4
1576,O5AC1_HUMAN,OR5AC1
1577,O5AC2_HUMAN,OR5AC2
1578,O5AK2_HUMAN,OR5AK2
1579,O5AK3_HUMAN,OR5AK3P
1580,O5AL1_HUMAN,OR5AL1
1581,O5AN1_HUMAN,OR5AN1
1582,O5AP2_HUMAN,OR5AP2
1583,O5AR1_HUMAN,OR5AR1
1584,O5AS1_HUMAN,OR5AS1
1585,O5AU1_HUMAN,OR5AU1
1586,O5H14_HUMAN,OR5H14
1587,O5H15_HUMAN,OR5H15
1588,O6C65_HUMAN,OR6C65
1589,O6C68_HUMAN,OR6C68
1590,O6C70_HUMAN,OR6C70
1591,O6C74_HUMAN,OR6C74
1592,O6C75_HUMAN,OR6C75
1593,O6C76_HUMAN,OR6C76
1594,O7E24_HUMAN,OR7E24
1595,OGR1_HUMAN,GPR68
1596,OLR1_HUMAN,OLR1
1597,OMGP_HUMAN,OMG
1598,OPALI_HUMAN,OPALIN
1599,OPCM_HUMAN,OPCML
1600,OPN3_HUMAN,OPN3
1601,OPN4_HUMAN,OPN4
1602,OPN5_HUMAN,OPN5
1603,OPRD_HUMAN,OPRD1
1604,OPRK_HUMAN,OPRK1
1605,OPRM_HUMAN,OPRM1
1606,OPRX_HUMAN,OPRL1
1607,OPSB_HUMAN,OPN1SW
1608,OPSD_HUMAN,RHO
1609,OPSG_HUMAN,OPN1MW
1610,OPSR_HUMAN,OPN1LW
1611,OPSX_HUMAN,RRH
1612,OR1A1_HUMAN,OR1A1
1613,OR1A2_HUMAN,OR1A2
1614,OR1B1_HUMAN,OR1B1
1615,OR1C1_HUMAN,OR1C1
1616,OR1D2_HUMAN,OR1D2
1617,OR1D4_HUMAN,OR1D4
1618,OR1D5_HUMAN,OR1D5
1619,OR1E1_HUMAN,OR1E1
1620,OR1E2_HUMAN,OR1E2
1621,OR1E3_HUMAN,OR1E3
1622,OR1F1_HUMAN,OR1F1
1623,OR1F2_HUMAN,OR1F2P
1624,OR1FC_HUMAN,OR1F12P
1625,OR1G1_HUMAN,OR1G1
1626,OR1I1_HUMAN,OR1I1
1627,OR1J1_HUMAN,OR1J1
1628,OR1J2_HUMAN,OR1J2
1629,OR1J4_HUMAN,OR1J4
1630,OR1K1_HUMAN,OR1K1
1631,OR1L1_HUMAN,OR1L1
1632,OR1L3_HUMAN,OR1L3
1633,OR1L4_HUMAN,OR1L4
1634,OR1L6_HUMAN,OR1L6
1635,OR1L8_HUMAN,OR1L8
1636,OR1M1_HUMAN,OR1M1
1637,OR1N1_HUMAN,OR1N1
1638,OR1N2_HUMAN,OR1N2
1639,OR1P1_HUMAN,OR1P1
1640,OR1Q1_HUMAN,OR1Q1
1641,OR1S1_HUMAN,OR1S1
1642,OR1S2_HUMAN,OR1S2
1643,OR2A1_HUMAN,OR2A1
1644,OR2A1_HUMAN,OR2A42
1645,OR2A2_HUMAN,OR2A2
1646,OR2A4_HUMAN,OR2A4
1647,OR2A5_HUMAN,OR2A5
1648,OR2A7_HUMAN,OR2A7
1649,OR2B2_HUMAN,OR2B2
1650,OR2B3_HUMAN,OR2B3
1651,OR2B6_HUMAN,OR2B6
1652,OR2B8_HUMAN,OR2B8P
1653,OR2BB_HUMAN,OR2B11
1654,OR2C1_HUMAN,OR2C1
1655,OR2C3_HUMAN,OR2C3
1656,OR2D2_HUMAN,OR2D2
1657,OR2D3_HUMAN,OR2D3
1658,OR2F1_HUMAN,OR2F1
1659,OR2F2_HUMAN,OR2F2
1660,OR2G2_HUMAN,OR2G2
1661,OR2G3_HUMAN,OR2G3
1662,OR2G6_HUMAN,OR2G6
1663,OR2H1_HUMAN,OR2H1
1664,OR2H2_HUMAN,OR2H2
1665,OR2I1_HUMAN,OR2I1P
1666,OR2J1_HUMAN,OR2J1
1667,OR2J2_HUMAN,OR2J2
1668,OR2J3_HUMAN,OR2J3
1669,OR2K2_HUMAN,OR2K2
1670,OR2L2_HUMAN,OR2L2
1671,OR2L3_HUMAN,OR2L3
1672,OR2L5_HUMAN,OR2L5
1673,OR2L8_HUMAN,OR2L8
1674,OR2LD_HUMAN,OR2L13
1675,OR2M2_HUMAN,OR2M2
1676,OR2M3_HUMAN,OR2M3
1677,OR2M4_HUMAN,OR2M4
1678,OR2M5_HUMAN,OR2M5
1679,OR2M7_HUMAN,OR2M7
1680,OR2S1_HUMAN,OR2S2
1681,OR2T1_HUMAN,OR2T1
1682,OR2T2_HUMAN,OR2T2
1683,OR2T3_HUMAN,OR2T3
1684,OR2T4_HUMAN,OR2T4
1685,OR2T5_HUMAN,OR2T5
1686,OR2T6_HUMAN,OR2T6
1687,OR2T7_HUMAN,OR2T7
1688,OR2T8_HUMAN,OR2T8
1689,OR2V1_HUMAN,OR2V1
1690,OR2V2_HUMAN,OR2V2
1691,OR2W1_HUMAN,OR2W1
1692,OR2W3_HUMAN,OR2W3
1693,OR2W6_HUMAN,OR2W6P
1694,OR2Y1_HUMAN,OR2Y1
1695,OR2Z1_HUMAN,OR2Z1
1696,OR3A1_HUMAN,OR3A1
1697,OR3A2_HUMAN,OR3A2
1698,OR3A3_HUMAN,OR3A3
1699,OR3A4_HUMAN,OR3A4P
1700,OR4A4_HUMAN,OR4A4P
1701,OR4A5_HUMAN,OR4A5
1702,OR4A8_HUMAN,OR4A8
1703,OR4B1_HUMAN,OR4B1
1704,OR4C3_HUMAN,OR4C3
1705,OR4C5_HUMAN,OR4C5
1706,OR4C6_HUMAN,OR4C6
1707,OR4CB_HUMAN,OR4C11
1708,OR4CC_HUMAN,OR4C12
1709,OR4CD_HUMAN,OR4C13
1710,OR4CF_HUMAN,OR4C15
1711,OR4CG_HUMAN,OR4C16
1712,OR4D1_HUMAN,OR4D1
1713,OR4D2_HUMAN,OR4D2
1714,OR4D5_HUMAN,OR4D5
1715,OR4D6_HUMAN,OR4D6
1716,OR4D9_HUMAN,OR4D9
1717,OR4DA_HUMAN,OR4D10
1718,OR4DB_HUMAN,OR4D11
1719,OR4E1_HUMAN,OR4E1
1720,OR4E2_HUMAN,OR4E2
1721,OR4F3_HUMAN,OR4F16
1722,OR4F3_HUMAN,OR4F29
1723,OR4F3_HUMAN,OR4F3
1724,OR4F4_HUMAN,OR4F4
1725,OR4F5_HUMAN,OR4F5
1726,OR4F6_HUMAN,OR4F6
1727,OR4K1_HUMAN,OR4K1
1728,OR4K2_HUMAN,OR4K2
1729,OR4K3_HUMAN,OR4K3
1730,OR4K5_HUMAN,OR4K5
1731,OR4KD_HUMAN,OR4K13
1732,OR4KE_HUMAN,OR4K14
1733,OR4KF_HUMAN,OR4K15
1734,OR4KH_HUMAN,OR4K17
1735,OR4L1_HUMAN,OR4L1
1736,OR4M1_HUMAN,OR4M1
1737,OR4M2_HUMAN,OR4M2
1738,OR4N2_HUMAN,OR4N2
1739,OR4N4_HUMAN,OR4N4
1740,OR4N5_HUMAN,OR4N5
1741,OR4P4_HUMAN,OR4P4
1742,OR4Q2_HUMAN,OR4Q2
1743,OR4Q3_HUMAN,OR4Q3
1744,OR4S1_HUMAN,OR4S1
1745,OR4S2_HUMAN,OR4S2
1746,OR4X1_HUMAN,OR4X1
1747,OR4X2_HUMAN,OR4X2
1748,OR5A1_HUMAN,OR5A1
1749,OR5A2_HUMAN,OR5A2
1750,OR5B2_HUMAN,OR5B2
1751,OR5B3_HUMAN,OR5B3
1752,OR5BC_HUMAN,OR5B12
1753,OR5BH_HUMAN,OR5B17
1754,OR5BL_HUMAN,OR5B21
1755,OR5C1_HUMAN,OR5C1
1756,OR5DD_HUMAN,OR5D13
1757,OR5DE_HUMAN,OR5D14
1758,OR5DG_HUMAN,OR5D16
1759,OR5DI_HUMAN,OR5D18
1760,OR5F1_HUMAN,OR5F1
1761,OR5G3_HUMAN,OR5G3
1762,OR5H1_HUMAN,OR5H1
1763,OR5H2_HUMAN,OR5H2
1764,OR5H6_HUMAN,OR5H6
1765,OR5I1_HUMAN,OR5I1
1766,OR5J2_HUMAN,OR5J2
1767,OR5K1_HUMAN,OR5K1
1768,OR5K2_HUMAN,OR5K2
1769,OR5K3_HUMAN,OR5K3
1770,OR5K4_HUMAN,OR5K4
1771,OR5L1_HUMAN,OR5L1
1772,OR5L2_HUMAN,OR5L2
1773,OR5M1_HUMAN,OR5M1
1774,OR5M3_HUMAN,OR5M3
1775,OR5M8_HUMAN,OR5M8
1776,OR5M9_HUMAN,OR5M9
1777,OR5MA_HUMAN,OR5M10
1778,OR5MB_HUMAN,OR5M11
1779,OR5P2_HUMAN,OR5P2
1780,OR5P3_HUMAN,OR5P3
1781,OR5R1_HUMAN,OR8U3
1782,OR5T1_HUMAN,OR5T1
1783,OR5T2_HUMAN,OR5T2
1784,OR5T3_HUMAN,OR5T3
1785,OR5V1_HUMAN,OR5V1
1786,OR5W2_HUMAN,OR5W2
1787,OR6A2_HUMAN,OR6A2
1788,OR6B1_HUMAN,OR6B1
1789,OR6B2_HUMAN,OR6B2
1790,OR6B3_HUMAN,OR6B3
1791,OR6C1_HUMAN,OR6C1
1792,OR6C2_HUMAN,OR6C2
1793,OR6C3_HUMAN,OR6C3
1794,OR6C4_HUMAN,OR6C4
1795,OR6C6_HUMAN,OR6C6
1796,OR6F1_HUMAN,OR6F1
1797,OR6J1_HUMAN,OR6J1
1798,OR6K2_HUMAN,OR6K2
1799,OR6K3_HUMAN,OR6K3
1800,OR6K6_HUMAN,OR6K6
1801,OR6M1_HUMAN,OR6M1
1802,OR6N1_HUMAN,OR6N1
1803,OR6N2_HUMAN,OR6N2
1804,OR6P1_HUMAN,OR6P1
1805,OR6Q1_HUMAN,OR6Q1
1806,OR6S1_HUMAN,OR6S1
1807,OR6T1_HUMAN,OR6T1
1808,OR6V1_HUMAN,OR6V1
1809,OR6X1_HUMAN,OR6X1
1810,OR6Y1_HUMAN,OR6Y1
1811,OR7A2_HUMAN,OR7A2P
1812,OR7A5_HUMAN,OR7A5
1813,OR7AA_HUMAN,OR7A10
1814,OR7AH_HUMAN,OR7A17
1815,OR7C1_HUMAN,OR7C1
1816,OR7C2_HUMAN,OR7C2
1817,OR7D2_HUMAN,OR7D2
1818,OR7D4_HUMAN,OR7D4
1819,OR7G1_HUMAN,OR7G1
1820,OR7G2_HUMAN,OR7G2
1821,OR7G3_HUMAN,OR7G3
1822,OR8A1_HUMAN,OR8A1
1823,OR8B2_HUMAN,OR8B2
1824,OR8B3_HUMAN,OR8B3
1825,OR8B4_HUMAN,OR8B4
1826,OR8B8_HUMAN,OR8B8
1827,OR8BC_HUMAN,OR8B12
1828,OR8D1_HUMAN,OR8D1
1829,OR8D2_HUMAN,OR8D2
1830,OR8D4_HUMAN,OR8D4
1831,OR8G1_HUMAN,OR8G1
1832,OR8G5_HUMAN,OR8G5
1833,OR8H1_HUMAN,OR8H1
1834,OR8H2_HUMAN,OR8H2
1835,OR8H3_HUMAN,OR8H3
1836,OR8I2_HUMAN,OR8I2
1837,OR8J1_HUMAN,OR8J1
1838,OR8J2_HUMAN,OR8J2
1839,OR8J3_HUMAN,OR8J3
1840,OR8K1_HUMAN,OR8K1
1841,OR8K3_HUMAN,OR8K3
1842,OR8K5_HUMAN,OR8K5
1843,OR8S1_HUMAN,OR8S1
1844,OR8U1_HUMAN,OR8U1
1845,OR8U8_HUMAN,OR8U8
1846,OR8U9_HUMAN,OR8U9
1847,OR9A1_HUMAN,OR9A1P
1848,OR9A2_HUMAN,OR9A2
1849,OR9A4_HUMAN,OR9A4
1850,OR9G1_HUMAN,OR9G1
1851,OR9G4_HUMAN,OR9G4
1852,OR9G9_HUMAN,OR9G9
1853,OR9I1_HUMAN,OR9I1
1854,OR9K2_HUMAN,OR9K2
1855,OR9Q1_HUMAN,OR9Q1
1856,OR9Q2_HUMAN,OR9Q2
1857,OSMR_HUMAN,OSMR
1858,OSTA_HUMAN,SLC51A
1859,OSTB_HUMAN,SLC51B
1860,OSTM1_HUMAN,OSTM1
1861,OTOAN_HUMAN,OTOA
1862,OTOP1_HUMAN,OTOP1
1863,OTOP2_HUMAN,OTOP2
1864,OX1R_HUMAN,HCRTR1
1865,OX2G_HUMAN,CD200
1866,OX2R_HUMAN,HCRTR2
1867,OXER1_HUMAN,OXER1
1868,OXGR1_HUMAN,OXGR1
1869,OXYR_HUMAN,OXTR
1870,P210L_HUMAN,NUP210L
1871,P2RX1_HUMAN,P2RX1
1872,P2RX2_HUMAN,P2RX2
1873,P2RX3_HUMAN,P2RX3
1874,P2RX4_HUMAN,P2RX4
1875,P2RX6_HUMAN,P2RX6
1876,P2RX7_HUMAN,P2RX7
1877,P2RY1_HUMAN,P2RY1
1878,P2RY2_HUMAN,P2RY2
1879,P2RY4_HUMAN,P2RY4
1880,P2RY6_HUMAN,P2RY6
1881,P2RY8_HUMAN,P2RY8
1882,P2Y10_HUMAN,P2RY10
1883,P2Y11_HUMAN,P2RY11
1884,P2Y12_HUMAN,P2RY12
1885,P2Y13_HUMAN,P2RY13
1886,P2Y14_HUMAN,P2RY14
1887,P3IP1_HUMAN,PIK3IP1
1888,P3_HUMAN,SLC10A3
1889,P5I13_HUMAN,TP53I13
1890,PACR_HUMAN,ADCYAP1R1
1891,PANX1_HUMAN,PANX1
1892,PANX2_HUMAN,PANX2
1893,PAR1_HUMAN,F2R
1894,PAR2_HUMAN,F2RL1
1895,PAR3_HUMAN,F2RL2
1896,PAR4_HUMAN,F2RL3
1897,PARM1_HUMAN,PARM1
1898,PC11X_HUMAN,PCDH11X
1899,PC11Y_HUMAN,PCDH11Y
1900,PCD10_HUMAN,PCDH10
1901,PCD12_HUMAN,PCDH12
1902,PCD15_HUMAN,PCDH15
1903,PCD16_HUMAN,DCHS1
1904,PCD17_HUMAN,PCDH17
1905,PCD18_HUMAN,PCDH18
1906,PCD19_HUMAN,PCDH19
1907,PCD20_HUMAN,PCDH20
1908,PCD23_HUMAN,DCHS2
1909,PCDA1_HUMAN,PCDHA1
1910,PCDA2_HUMAN,PCDHA2
1911,PCDA3_HUMAN,PCDHA3
1912,PCDA4_HUMAN,PCDHA4
1913,PCDA5_HUMAN,PCDHA5
1914,PCDA6_HUMAN,PCDHA6
1915,PCDA7_HUMAN,PCDHA7
1916,PCDA8_HUMAN,PCDHA8
1917,PCDA9_HUMAN,PCDHA9
1918,PCDAA_HUMAN,PCDHA10
1919,PCDAB_HUMAN,PCDHA11
1920,PCDAC_HUMAN,PCDHA12
1921,PCDAD_HUMAN,PCDHA13
1922,PCDB1_HUMAN,PCDHB1
1923,PCDB2_HUMAN,PCDHB2
1924,PCDB3_HUMAN,PCDHB3
1925,PCDB4_HUMAN,PCDHB4
1926,PCDB5_HUMAN,PCDHB5
1927,PCDB6_HUMAN,PCDHB6
1928,PCDB7_HUMAN,PCDHB7
1929,PCDB8_HUMAN,PCDHB8
1930,PCDB9_HUMAN,PCDHB9
1931,PCDBA_HUMAN,PCDHB10
1932,PCDBB_HUMAN,PCDHB11
1933,PCDBC_HUMAN,PCDHB12
1934,PCDBD_HUMAN,PCDHB13
1935,PCDBE_HUMAN,PCDHB14
1936,PCDBF_HUMAN,PCDHB15
1937,PCDBG_HUMAN,PCDHB16
1938,PCDC1_HUMAN,PCDHAC1
1939,PCDC2_HUMAN,PCDHAC2
1940,PCDG1_HUMAN,PCDHGA1
1941,PCDG2_HUMAN,PCDHGA2
1942,PCDG3_HUMAN,PCDHGA3
1943,PCDG4_HUMAN,PCDHGA4
1944,PCDG5_HUMAN,PCDHGA5
1945,PCDG6_HUMAN,PCDHGA6
1946,PCDG7_HUMAN,PCDHGA7
1947,PCDG8_HUMAN,PCDHGA8
1948,PCDG9_HUMAN,PCDHGA9
1949,PCDGA_HUMAN,PCDHGA10
1950,PCDGB_HUMAN,PCDHGA11
1951,PCDGC_HUMAN,PCDHGA12
1952,PCDGD_HUMAN,PCDHGB1
1953,PCDGE_HUMAN,PCDHGB2
1954,PCDGF_HUMAN,PCDHGB3
1955,PCDGG_HUMAN,PCDHGB4
1956,PCDGH_HUMAN,PCDHGB5
1957,PCDGI_HUMAN,PCDHGB6
1958,PCDGJ_HUMAN,PCDHGB7
1959,PCDGK_HUMAN,PCDHGC3
1960,PCDGL_HUMAN,PCDHGC4
1961,PCDGM_HUMAN,PCDHGC5
1962,PCDH1_HUMAN,PCDH1
1963,PCDH7_HUMAN,PCDH7
1964,PCDH8_HUMAN,PCDH8
1965,PCDH9_HUMAN,PCDH9
1966,PCFT_HUMAN,SLC46A1
1967,PCSK5_HUMAN,PCSK5
1968,PCX1_HUMAN,PCNX1
1969,PCX2_HUMAN,PCNX2
1970,PD1L1_HUMAN,CD274
1971,PD1L2_HUMAN,PDCD1LG2
1972,PD2R2_HUMAN,PTGDR2
1973,PD2R_HUMAN,PTGDR
1974,PDCD1_HUMAN,PDCD1
1975,PDXL2_HUMAN,PODXL2
1976,PE2R1_HUMAN,PTGER1
1977,PE2R2_HUMAN,PTGER2
1978,PE2R3_HUMAN,PTGER3
1979,PE2R4_HUMAN,PTGER4
1980,PEAR1_HUMAN,PEAR1
1981,PECA1_HUMAN,PECAM1
1982,PERT_HUMAN,TPO
1983,PF2R_HUMAN,PTGFR
1984,PGAP1_HUMAN,PGAP1
1985,PGCB_HUMAN,BCAN
1986,PGFRA_HUMAN,PDGFRA
1987,PGFRB_HUMAN,PDGFRB
1988,PHEX_HUMAN,PHEX
1989,PI16_HUMAN,PI16
1990,PI2R_HUMAN,PTGIR
1991,PIEZ1_HUMAN,PIEZO1
1992,PIEZ2_HUMAN,PIEZO2
1993,PIGO_HUMAN,PIGO
1994,PIGR_HUMAN,PIGR
1995,PIGT_HUMAN,PIGT
1996,PILRA_HUMAN,PILRA
1997,PILRB_HUMAN,PILRB
1998,PK1L1_HUMAN,PKD1L1
1999,PK1L2_HUMAN,PKD1L2
2000,PK1L3_HUMAN,PKD1L3
2001,PK2L1_HUMAN,PKD2L1
2002,PKD1_HUMAN,PKD1
2003,PKD2_HUMAN,PKD2
2004,PKDRE_HUMAN,PKDREJ
2005,PKHD1_HUMAN,PKHD1
2006,PKHL1_HUMAN,PKHD1L1
2007,PKR1_HUMAN,PROKR1
2008,PKR2_HUMAN,PROKR2
2009,PLA2R_HUMAN,PLA2R1
2010,PLB1_HUMAN,PLB1
2011,PLD5_HUMAN,PLD5
2012,PLDX1_HUMAN,PLXDC1
2013,PLET1_HUMAN,PLET1
2014,PLVAP_HUMAN,PLVAP
2015,PLXA1_HUMAN,PLXNA1
2016,PLXA2_HUMAN,PLXNA2
2017,PLXA3_HUMAN,PLXNA3
2018,PLXA4_HUMAN,PLXNA4
2019,PLXB1_HUMAN,PLXNB1
2020,PLXB2_HUMAN,PLXNB2
2021,PLXB3_HUMAN,PLXNB3
2022,PLXC1_HUMAN,PLXNC1
2023,PLXD1_HUMAN,PLXND1
2024,PMEL_HUMAN,PMEL
2025,PMEPA_HUMAN,PMEPA1
2026,PO210_HUMAN,NUP210
2027,PODXL_HUMAN,PODXL
2028,POPD1_HUMAN,BVES
2029,PORIM_HUMAN,TMEM123
2030,PPAL_HUMAN,ACP2
2031,PPAT_HUMAN,ACP4
2032,PPB1_HUMAN,ALPP
2033,PPBI_HUMAN,ALPI
2034,PPBN_HUMAN,ALPG
2035,PPBT_HUMAN,ALPL
2036,PPR29_HUMAN,ELFN2
2037,PRIMA_HUMAN,PRIMA1
2038,PRIO_HUMAN,PRNP
2039,PRLHR_HUMAN,PRLHR
2040,PRLR_HUMAN,PRLR
2041,PRND_HUMAN,PRND
2042,PROM1_HUMAN,PROM1
2043,PROM2_HUMAN,PROM2
2044,PRPH2_HUMAN,PRPH2
2045,PRRT3_HUMAN,PRRT3
2046,PRS41_HUMAN,PRSS41
2047,PRSS8_HUMAN,PRSS8
2048,PRTG_HUMAN,PRTG
2049,PSCA_HUMAN,PSCA
2050,PSN1_HUMAN,PSEN1
2051,PSN2_HUMAN,PSEN2
2052,PSYR_HUMAN,GPR65
2053,PTAFR_HUMAN,PTAFR
2054,PTC1_HUMAN,PTCH1
2055,PTCRA_HUMAN,PTCRA
2056,PTH1R_HUMAN,PTH1R
2057,PTH2R_HUMAN,PTH2R
2058,PTHD1_HUMAN,PTCHD1
2059,PTHD3_HUMAN,PTCHD3
2060,PTHD4_HUMAN,PTCHD4
2061,PTK7_HUMAN,PTK7
2062,PTPR2_HUMAN,PTPRN2
2063,PTPRA_HUMAN,PTPRA
2064,PTPRB_HUMAN,PTPRB
2065,PTPRC_HUMAN,PTPRC
2066,PTPRD_HUMAN,PTPRD
2067,PTPRF_HUMAN,PTPRF
2068,PTPRG_HUMAN,PTPRG
2069,PTPRH_HUMAN,PTPRH
2070,PTPRJ_HUMAN,PTPRJ
2071,PTPRK_HUMAN,PTPRK
2072,PTPRM_HUMAN,PTPRM
2073,PTPRN_HUMAN,PTPRN
2074,PTPRO_HUMAN,PTPRO
2075,PTPRQ_HUMAN,PTPRQ
2076,PTPRR_HUMAN,PTPRR
2077,PTPRS_HUMAN,PTPRS
2078,PTPRT_HUMAN,PTPRT
2079,PTPRU_HUMAN,PTPRU
2080,PTPRZ_HUMAN,PTPRZ1
2081,PTTG_HUMAN,PTTG1IP
2082,PVR_HUMAN,PVR
2083,PXDC2_HUMAN,PLXDC2
2084,QRFPR_HUMAN,QRFPR
2085,QSOX1_HUMAN,QSOX1
2086,QSOX2_HUMAN,QSOX2
2087,R4RL1_HUMAN,RTN4RL1
2088,R4RL2_HUMAN,RTN4RL2
2089,RAGE_HUMAN,AGER
2090,RAI3_HUMAN,GPRC5A
2091,RAMP2_HUMAN,RAMP2
2092,RAMP3_HUMAN,RAMP3
2093,RECK_HUMAN,RECK
2094,RELL1_HUMAN,RELL1
2095,RET_HUMAN,RET
2096,RGMA_HUMAN,RGMA
2097,RGMB_HUMAN,RGMB
2098,RGMC_HUMAN,HJV
2099,RGR_HUMAN,RGR
2100,RHAG_HUMAN,RHAG
2101,RHBL2_HUMAN,RHBDL2
2102,RHCG_HUMAN,RHCG
2103,RHDF2_HUMAN,RHBDF2
2104,RL3R1_HUMAN,RXFP3
2105,RL3R2_HUMAN,RXFP4
2106,RN128_HUMAN,RNF128
2107,RN149_HUMAN,RNF149
2108,RN150_HUMAN,RNF150
2109,RN167_HUMAN,RNF167
2110,RNF13_HUMAN,RNF13
2111,RNF43_HUMAN,RNF43
2112,RNFT1_HUMAN,RNFT1
2113,ROBO1_HUMAN,ROBO1
2114,ROBO2_HUMAN,ROBO2
2115,ROBO3_HUMAN,ROBO3
2116,RON_HUMAN,MST1R
2117,ROR1_HUMAN,ROR1
2118,ROR2_HUMAN,ROR2
2119,ROS1_HUMAN,ROS1
2120,RPN1_HUMAN,RPN1
2121,RPRML_HUMAN,RPRML
2122,RPRM_HUMAN,RPRM
2123,RTN4R_HUMAN,RTN4R
2124,RXFP1_HUMAN,RXFP1
2125,RXFP2_HUMAN,RXFP2
2126,RYK_HUMAN,RYK
2127,S12A1_HUMAN,SLC12A1
2128,S12A2_HUMAN,SLC12A2
2129,S12A3_HUMAN,SLC12A3
2130,S12A4_HUMAN,SLC12A4
2131,S12A5_HUMAN,SLC12A5
2132,S12A6_HUMAN,SLC12A6
2133,S12A7_HUMAN,SLC12A7
2134,S12A8_HUMAN,SLC12A8
2135,S12A9_HUMAN,SLC12A9
2136,S13A1_HUMAN,SLC13A1
2137,S13A2_HUMAN,SLC13A2
2138,S13A3_HUMAN,SLC13A3
2139,S13A4_HUMAN,SLC13A4
2140,S15A1_HUMAN,SLC15A1
2141,S15A2_HUMAN,SLC15A2
2142,S15A3_HUMAN,SLC15A3
2143,S15A4_HUMAN,SLC15A4
2144,S15A5_HUMAN,SLC15A5
2145,S17A5_HUMAN,SLC17A5
2146,S17A9_HUMAN,SLC17A9
2147,S19A1_HUMAN,SLC19A1
2148,S19A2_HUMAN,SLC19A2
2149,S19A3_HUMAN,SLC19A3
2150,S1PR1_HUMAN,S1PR1
2151,S1PR2_HUMAN,S1PR2
2152,S1PR3_HUMAN,S1PR3
2153,S1PR4_HUMAN,S1PR4
2154,S1PR5_HUMAN,S1PR5
2155,S20A2_HUMAN,SLC20A2
2156,S22A1_HUMAN,SLC22A1
2157,S22A2_HUMAN,SLC22A2
2158,S22A3_HUMAN,SLC22A3
2159,S22A4_HUMAN,SLC22A4
2160,S22A5_HUMAN,SLC22A5
2161,S22A6_HUMAN,SLC22A6
2162,S22A7_HUMAN,SLC22A7
2163,S22A8_HUMAN,SLC22A8
2164,S22A9_HUMAN,SLC22A9
2165,S22AB_HUMAN,SLC22A11
2166,S22AC_HUMAN,SLC22A12
2167,S22AD_HUMAN,SLC22A13
2168,S22AE_HUMAN,SLC22A14
2169,S22AF_HUMAN,SLC22A15
2170,S22AG_HUMAN,SLC22A16
2171,S22AH_HUMAN,SLC22A17
2172,S22AK_HUMAN,SLC22A20P
2173,S22AN_HUMAN,SLC22A23
2174,S22AP_HUMAN,SLC22A25
2175,S23A1_HUMAN,SLC23A1
2176,S23A2_HUMAN,SLC23A2
2177,S26A1_HUMAN,SLC26A1
2178,S26A2_HUMAN,SLC26A2
2179,S26A3_HUMAN,SLC26A3
2180,S26A4_HUMAN,SLC26A4
2181,S26A5_HUMAN,SLC26A5
2182,S26A6_HUMAN,SLC26A6
2183,S26A8_HUMAN,SLC26A8
2184,S26A9_HUMAN,SLC26A9
2185,S28A1_HUMAN,SLC28A1
2186,S28A2_HUMAN,SLC28A2
2187,S28A3_HUMAN,SLC28A3
2188,S29A1_HUMAN,SLC29A1
2189,S29A2_HUMAN,SLC29A2
2190,S29A3_HUMAN,SLC29A3
2191,S29A4_HUMAN,SLC29A4
2192,S35A5_HUMAN,SLC35A5
2193,S35F4_HUMAN,SLC35F4
2194,S36A1_HUMAN,SLC36A1
2195,S36A2_HUMAN,SLC36A2
2196,S36A3_HUMAN,SLC36A3
2197,S36A4_HUMAN,SLC36A4
2198,S38A1_HUMAN,SLC38A1
2199,S38A2_HUMAN,SLC38A2
2200,S38A4_HUMAN,SLC38A4
2201,S38A5_HUMAN,SLC38A5
2202,S38A8_HUMAN,SLC38A8
2203,S38A9_HUMAN,SLC38A9
2204,S38AB_HUMAN,SLC38A11
2205,S39A2_HUMAN,SLC39A2
2206,S39A4_HUMAN,SLC39A4
2207,S39A5_HUMAN,SLC39A5
2208,S39A6_HUMAN,SLC39A6
2209,S39A8_HUMAN,SLC39A8
2210,S39A9_HUMAN,SLC39A9
2211,S39AA_HUMAN,SLC39A10
2212,S39AC_HUMAN,SLC39A12
2213,S39AE_HUMAN,SLC39A14
2214,S40A1_HUMAN,SLC40A1
2215,S41A1_HUMAN,SLC41A1
2216,S41A2_HUMAN,SLC41A2
2217,S41A3_HUMAN,SLC41A3
2218,S43A3_HUMAN,SLC43A3
2219,S45A2_HUMAN,SLC45A2
2220,S45A4_HUMAN,SLC45A4
2221,S46A3_HUMAN,SLC46A3
2222,S47A1_HUMAN,SLC47A1
2223,S4A10_HUMAN,SLC4A10
2224,S4A4_HUMAN,SLC4A4
2225,S4A5_HUMAN,SLC4A5
2226,S4A7_HUMAN,SLC4A7
2227,S4A8_HUMAN,SLC4A8
2228,S52A1_HUMAN,SLC52A1
2229,S52A2_HUMAN,SLC52A2
2230,S52A3_HUMAN,SLC52A3
2231,S6A11_HUMAN,SLC6A11
2232,S6A12_HUMAN,SLC6A12
2233,S6A13_HUMAN,SLC6A13
2234,S6A14_HUMAN,SLC6A14
2235,S6A15_HUMAN,SLC6A15
2236,S6A16_HUMAN,SLC6A16
2237,S6A17_HUMAN,SLC6A17
2238,S6A18_HUMAN,SLC6A18
2239,S6A19_HUMAN,SLC6A19
2240,S6A20_HUMAN,SLC6A20
2241,S7A14_HUMAN,SLC7A14
2242,SACA1_HUMAN,SPACA1
2243,SACA4_HUMAN,SPACA4
2244,SATT_HUMAN,SLC1A4
2245,SC5A1_HUMAN,SLC5A1
2246,SC5A2_HUMAN,SLC5A2
2247,SC5A3_HUMAN,SLC5A3
2248,SC5A4_HUMAN,SLC5A4
2249,SC5A5_HUMAN,SLC5A5
2250,SC5A6_HUMAN,SLC5A6
2251,SC5A7_HUMAN,SLC5A7
2252,SC5A8_HUMAN,SLC5A8
2253,SC5A9_HUMAN,SLC5A9
2254,SC5AA_HUMAN,SLC5A10
2255,SC5AB_HUMAN,SLC5A11
2256,SC5AC_HUMAN,SLC5A12
2257,SC6A1_HUMAN,SLC6A1
2258,SC6A2_HUMAN,SLC6A2
2259,SC6A3_HUMAN,SLC6A3
2260,SC6A4_HUMAN,SLC6A4
2261,SC6A5_HUMAN,SLC6A5
2262,SC6A6_HUMAN,SLC6A6
2263,SC6A7_HUMAN,SLC6A7
2264,SC6A8_HUMAN,SLC6A8
2265,SC6A9_HUMAN,SLC6A9
2266,SCAP_HUMAN,SCAP
2267,SCAR5_HUMAN,SCARA5
2268,SCF_HUMAN,KITLG
2269,SCN1A_HUMAN,SCN1A
2270,SCN1B_HUMAN,SCN1B
2271,SCN2A_HUMAN,SCN2A
2272,SCN2B_HUMAN,SCN2B
2273,SCN3A_HUMAN,SCN3A
2274,SCN3B_HUMAN,SCN3B
2275,SCN4A_HUMAN,SCN4A
2276,SCN4B_HUMAN,SCN4B
2277,SCN5A_HUMAN,SCN5A
2278,SCN7A_HUMAN,SCN7A
2279,SCN8A_HUMAN,SCN8A
2280,SCN9A_HUMAN,SCN9A
2281,SCNAA_HUMAN,SCN10A
2282,SCNBA_HUMAN,SCN11A
2283,SCNNA_HUMAN,SCNN1A
2284,SCNNB_HUMAN,SCNN1B
2285,SCNND_HUMAN,SCNN1D
2286,SCNNG_HUMAN,SCNN1G
2287,SCRB1_HUMAN,SCARB1
2288,SCRB2_HUMAN,SCARB2
2289,SCTM1_HUMAN,SECTM1
2290,SCTR_HUMAN,SCTR
2291,SDC1_HUMAN,SDC1
2292,SDC2_HUMAN,SDC2
2293,SDK1_HUMAN,SDK1
2294,SDK2_HUMAN,SDK2
2295,SE6L2_HUMAN,SEZ6L2
2296,SELPL_HUMAN,SELPLG
2297,SEM4A_HUMAN,SEMA4A
2298,SEM4B_HUMAN,SEMA4B
2299,SEM4C_HUMAN,SEMA4C
2300,SEM4D_HUMAN,SEMA4D
2301,SEM4F_HUMAN,SEMA4F
2302,SEM4G_HUMAN,SEMA4G
2303,SEM5A_HUMAN,SEMA5A
2304,SEM5B_HUMAN,SEMA5B
2305,SEM6A_HUMAN,SEMA6A
2306,SEM6B_HUMAN,SEMA6B
2307,SEM6C_HUMAN,SEMA6C
2308,SEM6D_HUMAN,SEMA6D
2309,SEM7A_HUMAN,SEMA7A
2310,SEPR_HUMAN,FAP
2311,SERC1_HUMAN,SERINC1
2312,SERC2_HUMAN,SERINC2
2313,SERC3_HUMAN,SERINC3
2314,SERC4_HUMAN,SERINC4
2315,SERC5_HUMAN,SERINC5
2316,SEZ6_HUMAN,SEZ6
2317,SGCA_HUMAN,SGCA
2318,SGCB_HUMAN,SGCB
2319,SGCD_HUMAN,SGCD
2320,SGCE_HUMAN,SGCE
2321,SGCZ_HUMAN,SGCZ
2322,SHPS1_HUMAN,SIRPA
2323,SHSA4_HUMAN,SHISA4
2324,SHSA6_HUMAN,SHISA6
2325,SHSA7_HUMAN,SHISA7
2326,SHSA8_HUMAN,SHISA8
2327,SHSA9_HUMAN,SHISA9
2328,SIDT1_HUMAN,SIDT1
2329,SIDT2_HUMAN,SIDT2
2330,SIG10_HUMAN,SIGLEC10
2331,SIG11_HUMAN,SIGLEC11
2332,SIG12_HUMAN,SIGLEC12
2333,SIG14_HUMAN,SIGLEC14
2334,SIG15_HUMAN,SIGLEC15
2335,SIG16_HUMAN,SIGLEC16
2336,SIGIR_HUMAN,SIGIRR
2337,SIGL1_HUMAN,SIGLECL1
2338,SIGL5_HUMAN,SIGLEC5
2339,SIGL6_HUMAN,SIGLEC6
2340,SIGL7_HUMAN,SIGLEC7
2341,SIGL8_HUMAN,SIGLEC8
2342,SIGL9_HUMAN,SIGLEC9
2343,SIRB1_HUMAN,SIRPB1
2344,SIRB2_HUMAN,SIRPB2
2345,SIRBL_HUMAN,SIRPB1
2346,SIRPG_HUMAN,SIRPG
2347,SIT1_HUMAN,SIT1
2348,SL9A1_HUMAN,SLC9A1
2349,SL9A2_HUMAN,SLC9A2
2350,SL9A3_HUMAN,SLC9A3
2351,SL9A6_HUMAN,SLC9A6
2352,SL9A7_HUMAN,SLC9A7
2353,SLAF1_HUMAN,SLAMF1
2354,SLAF5_HUMAN,CD84
2355,SLAF6_HUMAN,SLAMF6
2356,SLAF7_HUMAN,SLAMF7
2357,SLAF8_HUMAN,SLAMF8
2358,SLAF9_HUMAN,SLAMF9
2359,SLC31_HUMAN,SLC3A1
2360,SLIK1_HUMAN,SLITRK1
2361,SLIK2_HUMAN,SLITRK2
2362,SLIK3_HUMAN,SLITRK3
2363,SLIK4_HUMAN,SLITRK4
2364,SLIK5_HUMAN,SLITRK5
2365,SLIK6_HUMAN,SLITRK6
2366,SMO_HUMAN,SMO
2367,SN_HUMAN,SIGLEC1
2368,SO1A2_HUMAN,SLCO1A2
2369,SO1B1_HUMAN,SLCO1B1
2370,SO1B3_HUMAN,SLCO1B3
2371,SO1B7_HUMAN,SLCO1B7
2372,SO1C1_HUMAN,SLCO1C1
2373,SO2A1_HUMAN,SLCO2A1
2374,SO2B1_HUMAN,SLCO2B1
2375,SO3A1_HUMAN,SLCO3A1
2376,SO4A1_HUMAN,SLCO4A1
2377,SO4C1_HUMAN,SLCO4C1
2378,SO5A1_HUMAN,SLCO5A1
2379,SO6A1_HUMAN,SLCO6A1
2380,SOAT_HUMAN,SLC10A6
2381,SORC1_HUMAN,SORCS1
2382,SORC2_HUMAN,SORCS2
2383,SORC3_HUMAN,SORCS3
2384,SORL_HUMAN,SORL1
2385,SORT_HUMAN,SORT1
2386,SPIT2_HUMAN,SPINT2
2387,SPNS2_HUMAN,SPNS2
2388,SPNS3_HUMAN,SPNS3
2389,SPP2A_HUMAN,SPPL2A
2390,SPP2B_HUMAN,SPPL2B
2391,SPP2C_HUMAN,SPPL2C
2392,SPRN_HUMAN,SPRN
2393,SPX3_HUMAN,SLC37A3
2394,SRCRM_HUMAN,SCART1
2395,SREC2_HUMAN,SCARF2
2396,SREC_HUMAN,SCARF1
2397,SSPN_HUMAN,SSPN
2398,SSR1_HUMAN,SSTR1
2399,SSR2_HUMAN,SSTR2
2400,SSR3_HUMAN,SSTR3
2401,SSR4_HUMAN,SSTR4
2402,SSR5_HUMAN,SSTR5
2403,SSRA_HUMAN,SSR1
2404,STAB1_HUMAN,STAB1
2405,STAB2_HUMAN,STAB2
2406,STEA4_HUMAN,STEAP4
2407,STIM1_HUMAN,STIM1
2408,STS_HUMAN,STS
2409,STT3B_HUMAN,STT3B
2410,SUCO_HUMAN,SUCO
2411,SUCR1_HUMAN,SUCNR1
2412,SUSD1_HUMAN,SUSD1
2413,SUSD2_HUMAN,SUSD2
2414,SUSD3_HUMAN,SUSD3
2415,SUSD4_HUMAN,SUSD4
2416,SUSD5_HUMAN,SUSD5
2417,SV2A_HUMAN,SV2A
2418,SV2B_HUMAN,SV2B
2419,SV2C_HUMAN,SV2C
2420,SVOPL_HUMAN,SVOPL
2421,SYCY1_HUMAN,ERVW-1
2422,SYCY2_HUMAN,ERVFRD-1
2423,SYNPR_HUMAN,SYNPR
2424,SYPH_HUMAN,SYP
2425,SYPL1_HUMAN,SYPL1
2426,T106A_HUMAN,TMEM106A
2427,T106B_HUMAN,TMEM106B
2428,T131L_HUMAN,TMEM131L
2429,T132A_HUMAN,TMEM132A
2430,T132B_HUMAN,TMEM132B
2431,T132C_HUMAN,TMEM132C
2432,T132D_HUMAN,TMEM132D
2433,T132E_HUMAN,TMEM132E
2434,T150A_HUMAN,TMEM150A
2435,T150B_HUMAN,TMEM150B
2436,T161A_HUMAN,TMEM161A
2437,T178A_HUMAN,TMEM178A
2438,T178B_HUMAN,TMEM178B
2439,T179B_HUMAN,TMEM179B
2440,T184A_HUMAN,TMEM184A
2441,T255A_HUMAN,TMEM255A
2442,T255B_HUMAN,TMEM255B
2443,T2R10_HUMAN,TAS2R10
2444,T2R14_HUMAN,TAS2R14
2445,T2R16_HUMAN,TAS2R16
2446,T2R19_HUMAN,TAS2R19
2447,T2R20_HUMAN,TAS2R20
2448,T2R30_HUMAN,TAS2R30
2449,T2R38_HUMAN,TAS2R38
2450,T2R39_HUMAN,TAS2R39
2451,T2R46_HUMAN,TAS2R46
2452,T4S18_HUMAN,TM4SF18
2453,T4S1_HUMAN,TM4SF1
2454,T4S20_HUMAN,TM4SF20
2455,T4S4_HUMAN,TM4SF4
2456,T4S5_HUMAN,TM4SF5
2457,TA2R1_HUMAN,TAS2R1
2458,TA2R3_HUMAN,TAS2R3
2459,TA2R4_HUMAN,TAS2R4
2460,TA2R7_HUMAN,TAS2R7
2461,TA2R8_HUMAN,TAS2R8
2462,TA2R9_HUMAN,TAS2R9
2463,TA2R_HUMAN,TBXA2R
2464,TAAR1_HUMAN,TAAR1
2465,TAAR2_HUMAN,TAAR2
2466,TAAR5_HUMAN,TAAR5
2467,TAAR6_HUMAN,TAAR6
2468,TAAR8_HUMAN,TAAR8
2469,TAAR9_HUMAN,TAAR9
2470,TACD2_HUMAN,TACSTD2
2471,TACT_HUMAN,CD96
2472,TARM1_HUMAN,TARM1
2473,TDGF1_HUMAN,TDGF1
2474,TECT2_HUMAN,TCTN2
2475,TECT3_HUMAN,TCTN3
2476,TECTA_HUMAN,TECTA
2477,TECTB_HUMAN,TECTB
2478,TEFF1_HUMAN,TMEFF1
2479,TEFF2_HUMAN,TMEFF2
2480,TEN1_HUMAN,TENM1
2481,TEN2_HUMAN,TENM2
2482,TEN3_HUMAN,TENM3
2483,TEN4_HUMAN,TENM4
2484,TEST_HUMAN,PRSS21
2485,TFPI1_HUMAN,TFPI
2486,TF_HUMAN,F3
2487,TGBR3_HUMAN,TGFBR3
2488,TGFA_HUMAN,TGFA
2489,TGFR1_HUMAN,TGFBR1
2490,TGFR2_HUMAN,TGFBR2
2491,TGON2_HUMAN,TGOLN2
2492,THS7A_HUMAN,THSD7A
2493,THS7B_HUMAN,THSD7B
2494,THSD1_HUMAN,THSD1
2495,THY1_HUMAN,THY1
2496,TIE1_HUMAN,TIE1
2497,TIE2_HUMAN,TEK
2498,TIGIT_HUMAN,TIGIT
2499,TIKI1_HUMAN,TRABD2A
2500,TIKI2_HUMAN,TRABD2B
2501,TIMD4_HUMAN,TIMD4
2502,TIP_HUMAN,ITFG1
2503,TLR10_HUMAN,TLR10
2504,TLR1_HUMAN,TLR1
2505,TLR2_HUMAN,TLR2
2506,TLR3_HUMAN,TLR3
2507,TLR4_HUMAN,TLR4
2508,TLR5_HUMAN,TLR5
2509,TLR6_HUMAN,TLR6
2510,TLR7_HUMAN,TLR7
2511,TLR8_HUMAN,TLR8
2512,TLR9_HUMAN,TLR9
2513,TM104_HUMAN,TMEM104
2514,TM108_HUMAN,TMEM108
2515,TM114_HUMAN,TMEM114
2516,TM116_HUMAN,TMEM116
2517,TM11B_HUMAN,TMPRSS11B
2518,TM11D_HUMAN,TMPRSS11D
2519,TM11E_HUMAN,TMPRSS11E
2520,TM140_HUMAN,TMEM140
2521,TM145_HUMAN,TMEM145
2522,TM154_HUMAN,TMEM154
2523,TM158_HUMAN,TMEM158
2524,TM171_HUMAN,TMEM171
2525,TM182_HUMAN,TMEM182
2526,TM204_HUMAN,TMEM204
2527,TM213_HUMAN,TMEM213
2528,TM217_HUMAN,TMEM217
2529,TM219_HUMAN,TMEM219
2530,TM225_HUMAN,TMEM225
2531,TM231_HUMAN,TMEM231
2532,TM235_HUMAN,TMEM235
2533,TM245_HUMAN,TMEM245
2534,TM7S3_HUMAN,TM7SF3
2535,TM87A_HUMAN,TMEM87A
2536,TM87B_HUMAN,TMEM87B
2537,TM9S1_HUMAN,TM9SF1
2538,TM9S2_HUMAN,TM9SF2
2539,TM9S3_HUMAN,TM9SF3
2540,TM9S4_HUMAN,TM9SF4
2541,TMC7_HUMAN,TMC7
2542,TMCO3_HUMAN,TMCO3
2543,TMED7_HUMAN,TMED7
2544,TMEM9_HUMAN,TMEM9
2545,TMIG1_HUMAN,TMIGD1
2546,TMIG2_HUMAN,TMIGD2
2547,TMM25_HUMAN,TMEM25
2548,TMM26_HUMAN,TMEM26
2549,TMM62_HUMAN,TMEM62
2550,TMM8B_HUMAN,TMEM8B
2551,TMM95_HUMAN,TMEM95
2552,TMM9B_HUMAN,TMEM9B
2553,TMPS5_HUMAN,TMPRSS5
2554,TMPS6_HUMAN,TMPRSS6
2555,TMPSD_HUMAN,TMPRSS13
2556,TMX3_HUMAN,TMX3
2557,TMX4_HUMAN,TMX4
2558,TN13B_HUMAN,TNFSF13B
2559,TNF11_HUMAN,TNFSF11
2560,TNF15_HUMAN,TNFSF15
2561,TNF18_HUMAN,TNFSF18
2562,TNFL4_HUMAN,TNFSF4
2563,TNFL6_HUMAN,FASLG
2564,TNFL8_HUMAN,TNFSF8
2565,TNR11_HUMAN,TNFRSF11A
2566,TNR14_HUMAN,TNFRSF14
2567,TNR16_HUMAN,NGFR
2568,TNR17_HUMAN,TNFRSF17
2569,TNR18_HUMAN,TNFRSF18
2570,TNR19_HUMAN,TNFRSF19
2571,TNR1A_HUMAN,TNFRSF1A
2572,TNR1B_HUMAN,TNFRSF1B
2573,TNR21_HUMAN,TNFRSF21
2574,TNR25_HUMAN,TNFRSF25
2575,TNR27_HUMAN,EDA2R
2576,TNR3_HUMAN,LTBR
2577,TNR4_HUMAN,TNFRSF4
2578,TNR5_HUMAN,CD40
2579,TNR6_HUMAN,FAS
2580,TNR8_HUMAN,TNFRSF8
2581,TNR9_HUMAN,TNFRSF9
2582,TPBGL_HUMAN,TPBGL
2583,TPBG_HUMAN,TPBG
2584,TPC1_HUMAN,TPCN1
2585,TPOR_HUMAN,MPL
2586,TPRA1_HUMAN,TPRA1
2587,TR10A_HUMAN,TNFRSF10A
2588,TR10C_HUMAN,TNFRSF10C
2589,TR10D_HUMAN,TNFRSF10D
2590,TR13B_HUMAN,TNFRSF13B
2591,TR19L_HUMAN,RELT
2592,TRAT1_HUMAN,TRAT1
2593,TRBM_HUMAN,THBD
2594,TREA_HUMAN,TREH
2595,TREM1_HUMAN,TREM1
2596,TREM2_HUMAN,TREM2
2597,TRFM_HUMAN,MELTF
2598,TRFR_HUMAN,TRHR
2599,TRGC2_HUMAN,TRGC2
2600,TRHDE_HUMAN,TRHDE
2601,TRIL_HUMAN,TRIL
2602,TRML2_HUMAN,TREML2
2603,TRPV2_HUMAN,TRPV2
2604,TRPV4_HUMAN,TRPV4
2605,TRPV5_HUMAN,TRPV5
2606,TRPV6_HUMAN,TRPV6
2607,TRYG1_HUMAN,TPSG1
2608,TS1R1_HUMAN,TAS1R1
2609,TS1R2_HUMAN,TAS1R2
2610,TS1R3_HUMAN,TAS1R3
2611,TSCOT_HUMAN,SLC46A2
2612,TSHR_HUMAN,TSHR
2613,TSN11_HUMAN,TSPAN11
2614,TSN13_HUMAN,TSPAN13
2615,TSN14_HUMAN,TSPAN14
2616,TSN15_HUMAN,TSPAN15
2617,TSN17_HUMAN,TSPAN17
2618,TSN18_HUMAN,TSPAN18
2619,TSN1_HUMAN,TSPAN1
2620,TSN2_HUMAN,TSPAN2
2621,TSN31_HUMAN,TSPAN31
2622,TSN33_HUMAN,TSPAN33
2623,TSN3_HUMAN,TSPAN3
2624,TSN4_HUMAN,TSPAN4
2625,TSN5_HUMAN,TSPAN5
2626,TSN6_HUMAN,TSPAN6
2627,TSN7_HUMAN,TSPAN7
2628,TSN8_HUMAN,TSPAN8
2629,TSN9_HUMAN,TSPAN9
2630,TTYH1_HUMAN,TTYH1
2631,TTYH2_HUMAN,TTYH2
2632,TTYH3_HUMAN,TTYH3
2633,TUTLA_HUMAN,IGSF9
2634,TUTLB_HUMAN,IGSF9B
2635,TX101_HUMAN,TEX101
2636,TXD15_HUMAN,TXNDC15
2637,TYRO3_HUMAN,TYRO3
2638,TYRO_HUMAN,TYR
2639,TYRP1_HUMAN,TYRP1
2640,TYRP2_HUMAN,DCT
2641,UBAC2_HUMAN,UBAC2
2642,UFO_HUMAN,AXL
2643,UN93A_HUMAN,UNC93A
2644,UN93B_HUMAN,UNC93B1
2645,UNC5A_HUMAN,UNC5A
2646,UNC5B_HUMAN,UNC5B
2647,UNC5C_HUMAN,UNC5C
2648,UNC5D_HUMAN,UNC5D
2649,UPAR_HUMAN,PLAUR
2650,UPK1A_HUMAN,UPK1A
2651,UPK1B_HUMAN,UPK1B
2652,UPK2_HUMAN,UPK2
2653,UPK3A_HUMAN,UPK3A
2654,UPK3B_HUMAN,UPK3B
2655,UPK3L_HUMAN,UPK3BL1
2656,UR2R_HUMAN,UTS2R
2657,UROL1_HUMAN,UMODL1
2658,UROM_HUMAN,UMOD
2659,USH2A_HUMAN,USH2A
2660,UT1_HUMAN,SLC14A1
2661,UT2_HUMAN,SLC14A2
2662,V1AR_HUMAN,AVPR1A
2663,V1BR_HUMAN,AVPR1B
2664,V2R_HUMAN,AVPR2
2665,VACHT_HUMAN,SLC18A3
2666,VASN_HUMAN,VASN
2667,VCAM1_HUMAN,VCAM1
2668,VGFR1_HUMAN,FLT1
2669,VGFR2_HUMAN,KDR
2670,VGFR3_HUMAN,FLT4
2671,VGLU1_HUMAN,SLC17A7
2672,VGLU2_HUMAN,SLC17A6
2673,VGLU3_HUMAN,SLC17A8
2674,VIAAT_HUMAN,SLC32A1
2675,VIPR1_HUMAN,VIPR1
2676,VIPR2_HUMAN,VIPR2
2677,VLDLR_HUMAN,VLDLR
2678,VMAT1_HUMAN,SLC18A1
2679,VMAT2_HUMAN,SLC18A2
2680,VN1R1_HUMAN,VN1R1
2681,VN1R2_HUMAN,VN1R2
2682,VN1R3_HUMAN,VN1R3
2683,VN1R4_HUMAN,VN1R4
2684,VNN1_HUMAN,VNN1
2685,VNN2_HUMAN,VNN2
2686,VPP2_HUMAN,ATP6V0A2
2687,VPP3_HUMAN,TCIRG1
2688,VS10L_HUMAN,VSIG10L
2689,VSI10_HUMAN,VSIG10
2690,VSIG1_HUMAN,VSIG1
2691,VSIG2_HUMAN,VSIG2
2692,VSIG8_HUMAN,VSIG8
2693,VSTM1_HUMAN,VSTM1
2694,VSTM4_HUMAN,VSTM4
2695,VSTM5_HUMAN,VSTM5
2696,VTCN1_HUMAN,VTCN1
2697,X3CL1_HUMAN,CX3CL1
2698,XCR1_HUMAN,XCR1
2699,XKR3_HUMAN,XKR3
2700,XPP2_HUMAN,XPNPEP2
2701,YLAT2_HUMAN,SLC7A6
2702,ZACN_HUMAN,ZACN
2703,ZAN_HUMAN,ZAN
2704,ZDH11_HUMAN,ZDHHC11
2705,ZDHC5_HUMAN,ZDHHC5
2706,ZFY27_HUMAN,ZFYVE27
2707,ZH11B_HUMAN,ZDHHC11B
2708,ZNRF4_HUMAN,ZNRF4
2709,ZNT1_HUMAN,SLC30A1
2710,ZP1_HUMAN,ZP1
2711,ZP2_HUMAN,ZP2
2712,ZP3_HUMAN,ZP3
2713,ZP4_HUMAN,ZP4
2714,ZPLD1_HUMAN,ZPLD1
